Nr,TID,PID,x [micron],y [micron],t [sec],c [idx],I [val],Len [micron],D2S [micron],D2R [micron],D2P [micron],v [micron/sec],α [deg],Δα [deg]
1,1,1,385.794,565.515,0,2,19,0,0,NA,NA,NA,NA,NA
2,1,2,380.865,565.515,300.011,2,12,4.929,4.929,NA,4.929,0.016,180,NA
3,1,3,374.04,538.595,600.022,2,13,32.701,29.374,NA,27.772,0.093,-104.226,75.774
4,1,4,374.04,538.595,900.033,2,33,32.701,29.374,NA,0,0,0,104.226
5,1,5,370.628,535.941,1200.044,2,15,37.024,33.236,NA,4.323,0.014,-142.125,-142.125
6,1,6,365.699,535.941,1500.055,2,19,41.953,35.756,NA,4.929,0.016,180,-37.875
7,1,7,363.424,525.704,1800.066,2,5,52.44,45.666,NA,10.487,0.035,-102.529,77.471
8,1,8,358.495,493.854,2100.077,2,15,84.669,76.685,NA,32.229,0.107,-98.797,3.731
9,1,9,348.257,471.105,2400.088,2,17,109.615,101.599,NA,24.947,0.083,-114.228,-15.43
10,1,10,348.257,471.105,2700.099,2,15,109.615,101.599,NA,0,0,0,114.228
11,1,11,352.428,471.105,3000.11,2,16,113.786,100.133,NA,4.171,0.014,0,0
12,1,12,339.158,468.072,3300.121,2,7,127.399,108.029,NA,13.613,0.045,-167.125,-167.125
13,1,13,325.887,453.664,3600.132,2,7,146.987,126.885,NA,19.588,0.065,-132.647,34.478
14,1,14,327.404,447.597,3900.143,2,11,153.241,131.583,NA,6.253,0.021,-75.964,56.683
15,1,15,327.404,442.668,4200.154,2,18,158.17,136.018,NA,4.929,0.016,-90,-14.036
16,1,16,330.058,429.397,4500.165,2,19,171.703,147.087,NA,13.533,0.045,-78.69,11.31
17,1,17,337.262,410.629,4800.176,2,15,191.806,162.312,NA,20.103,0.067,-69.001,9.689
18,1,18,337.262,398.686,5100.187,2,11,203.75,173.746,NA,11.944,0.04,-90,-20.999
19,1,19,335.556,388.448,5400.198,2,15,214.128,184.056,NA,10.378,0.035,-99.462,-9.462
20,1,20,324.75,382.761,5700.209,2,12,226.34,192.68,NA,12.211,0.041,-152.241,-52.779
21,1,21,324.75,366.836,6000.22,2,17,242.264,207.846,NA,15.925,0.053,-90,62.241
22,1,22,323.043,352.618,6300.231,2,12,256.585,221.953,NA,14.32,0.048,-96.843,-6.843
23,1,23,315.65,346.362,6600.242,2,5,266.27,230.106,NA,9.685,0.032,-139.764,-42.921
24,1,24,337.831,305.981,6900.253,2,10,312.341,263.929,NA,46.071,0.154,-61.22,78.543
25,1,25,368.542,276.407,7200.264,2,8,354.978,289.623,NA,42.636,0.142,-43.919,17.301
26,1,26,360.58,296.881,7500.275,2,9,376.946,269.815,NA,21.968,0.073,111.251,155.17
27,1,27,357.168,283.232,7800.286,2,8,391.016,283.732,NA,14.07,0.047,-104.036,144.713
28,1,28,358.305,272.994,8100.297,2,15,401.316,293.81,NA,10.3,0.034,-83.66,20.376
29,1,29,351.48,249.676,8400.308,2,22,425.613,317.698,NA,24.297,0.081,-106.314,-22.654
30,1,30,340.105,222.377,8700.319,2,14,455.187,346.167,NA,29.574,0.099,-112.62,-6.306
31,1,31,343.518,220.102,9000.33,2,27,459.288,347.991,NA,4.101,0.014,-33.69,78.93
32,1,32,329.299,205.315,9300.341,2,9,479.802,364.604,NA,20.514,0.068,-133.877,-100.187
33,2,1,520.016,549.591,2700.099,2,20,0,0,NA,NA,NA,NA,NA
34,2,2,519.637,532.908,3000.11,2,10,16.687,16.687,NA,16.687,0.056,-91.302,NA
35,2,3,506.367,512.054,3300.121,2,12,41.405,39.941,NA,24.718,0.082,-122.471,-31.169
36,2,4,506.367,512.054,3600.132,2,7,41.405,39.941,NA,0,0,0,122.471
37,2,5,498.783,512.054,3900.143,2,44,48.989,43.126,NA,7.583,0.025,180,180
38,2,6,495.75,498.783,4200.154,2,5,62.601,56.305,NA,13.613,0.045,-102.875,77.125
39,2,7,498.783,493.854,4500.165,2,6,68.389,59.644,NA,5.788,0.019,-58.392,44.483
40,2,8,498.783,493.854,4800.176,2,14,68.389,59.644,NA,0,0,0,58.392
41,2,9,491.579,481.342,5100.187,2,9,82.827,73.936,NA,14.438,0.048,-119.932,-119.932
42,2,10,482.859,468.451,5400.198,2,11,98.391,89.243,NA,15.564,0.052,-124.077,-4.146
43,2,11,482.859,468.451,5700.209,2,13,98.391,89.243,NA,0,0,0,124.077
44,2,12,471.484,462.384,6000.22,2,39,111.282,99.802,NA,12.891,0.043,-151.928,-151.928
45,2,13,471.484,451.768,6300.231,2,30,121.899,109.2,NA,10.616,0.035,-90,61.928
46,2,14,469.967,451.768,6600.242,2,40,123.415,109.883,NA,1.517,0.005,180,-90
47,2,15,468.83,435.085,6900.253,2,16,140.137,125.426,NA,16.722,0.056,-93.9,86.1
48,2,16,468.072,427.502,7200.264,2,28,147.758,132.68,NA,7.621,0.025,-95.711,-1.81
49,2,17,461.247,421.056,7500.275,2,10,157.146,141.333,NA,9.388,0.031,-136.637,-40.926
50,2,18,454.801,394.136,7800.286,2,8,184.827,168.58,NA,27.681,0.092,-103.465,33.171
51,2,19,451.389,389.207,8100.297,2,27,190.822,174.45,NA,5.995,0.02,-124.695,-21.23
52,2,20,454.043,387.69,8400.308,2,19,193.879,174.827,NA,3.057,0.01,-29.745,94.95
53,2,21,451.389,384.657,8700.319,2,26,197.909,178.642,NA,4.031,0.013,-131.186,-101.441
54,2,22,451.389,366.836,9000.33,2,18,215.73,195.215,NA,17.82,0.059,-90,41.186
55,2,23,446.08,358.495,9300.341,2,23,225.617,204.901,NA,9.887,0.033,-122.471,-32.471
56,2,24,447.597,350.912,9600.352,2,6,233.35,211.466,NA,7.733,0.026,-78.69,43.781
57,2,25,444.564,343.707,9900.363,2,7,241.167,219.274,NA,7.817,0.026,-112.834,-34.144
58,2,26,439.635,333.47,10200.374,2,18,252.529,230.585,NA,11.362,0.038,-115.71,-2.876
59,2,27,436.601,322.095,10500.385,2,13,264.301,242.306,NA,11.772,0.039,-104.931,10.779
60,2,28,431.672,308.825,10800.396,2,17,278.458,256.462,NA,14.156,0.047,-110.376,-5.445
61,2,29,434.326,299.725,11100.406,2,17,287.937,264.151,NA,9.479,0.032,-73.74,36.637
62,2,30,434.326,294.417,11400.417,2,19,293.245,269.177,NA,5.308,0.018,-90,-16.26
63,2,31,443.805,294.417,11700.428,2,36,302.724,266.312,NA,9.479,0.032,0,90
64,2,32,443.805,285.317,12000.439,2,18,311.824,275.043,NA,9.1,0.03,-90,-90
65,2,33,439.256,265.601,12300.45,2,23,332.058,295.25,NA,20.234,0.067,-102.995,-12.995
66,2,34,444.943,258.776,12600.461,2,11,340.942,300.349,NA,8.884,0.03,-50.194,52.8
67,2,35,441.91,242.851,12900.472,2,8,357.153,316.528,NA,16.211,0.054,-100.784,-50.59
68,2,36,431.293,228.822,13200.483,2,16,374.746,332.812,NA,17.593,0.059,-127.117,-26.333
69,2,37,430.535,224.652,13500.494,2,9,378.985,337.035,NA,4.239,0.014,-100.305,26.812
70,2,38,428.639,217.448,13800.505,2,12,386.435,344.484,NA,7.449,0.025,-104.744,-4.439
71,2,39,432.052,209.485,14100.516,2,28,395.097,351.297,NA,8.663,0.029,-66.801,37.942
72,2,40,422.193,204.177,14400.527,2,11,406.294,358.999,NA,11.196,0.037,-151.699,-84.898
73,2,41,422.193,204.177,14700.538,2,13,406.294,358.999,NA,0,0,0,151.699
74,2,42,422.193,201.902,15000.549,2,12,408.569,361.188,NA,2.275,0.008,-90,-90
75,2,43,422.193,193.94,15300.56,2,17,416.531,368.859,NA,7.962,0.027,-90,0
76,2,44,426.743,188.632,15600.571,2,15,423.522,372.816,NA,6.991,0.023,-49.399,40.601
77,2,45,425.606,186.357,15900.582,2,13,426.066,375.303,NA,2.543,0.008,-116.565,-67.166
78,3,1,466.176,560.207,4800.176,2,15,0,0,NA,NA,NA,NA,NA
79,3,2,460.868,552.245,5100.187,2,23,9.57,9.57,NA,9.57,0.032,-123.69,NA
80,3,3,456.318,540.87,5400.198,2,34,21.821,21.705,NA,12.251,0.041,-111.801,11.889
81,3,4,456.318,540.87,5700.209,2,21,21.821,21.705,NA,0,0,0,111.801
82,3,5,448.355,532.529,6000.22,2,16,33.352,32.919,NA,11.532,0.038,-133.668,-133.668
83,3,6,442.668,517.362,6300.231,2,33,49.55,48.87,NA,16.198,0.054,-110.556,23.112
84,3,7,445.701,513.571,6600.242,2,20,54.405,50.933,NA,4.856,0.016,-51.34,59.216
85,3,8,446.08,509.779,6900.253,2,11,58.216,54.285,NA,3.81,0.013,-84.289,-32.949
86,3,9,438.118,509.021,7200.264,2,29,66.214,58.372,NA,7.998,0.027,-174.56,-90.27
87,3,10,435.843,507.883,7500.275,2,28,68.758,60.48,NA,2.543,0.008,-153.435,21.125
88,3,11,422.573,465.797,7800.286,2,22,112.887,103.993,NA,44.129,0.147,-107.501,45.934
89,3,12,419.16,462.763,8100.297,2,20,117.453,108.193,NA,4.566,0.015,-138.366,-30.866
90,3,13,413.094,457.455,8400.308,2,14,125.514,115.653,NA,8.061,0.027,-138.814,-0.448
91,3,14,417.643,456.318,8700.319,2,11,130.204,114.667,NA,4.69,0.016,-14.036,124.778
92,3,15,417.643,456.318,9000.33,2,24,130.204,114.667,NA,0,0,0,14.036
93,3,16,401.719,436.981,9300.341,2,15,155.254,139.067,NA,25.05,0.083,-129.472,-129.472
94,3,17,404.752,433.947,9600.352,2,14,159.544,140.408,NA,4.29,0.014,-45,84.472
95,3,18,400.202,425.606,9900.363,2,27,169.045,149.9,NA,9.502,0.032,-118.61,-73.61
96,3,19,397.169,426.743,10200.374,2,32,172.285,150.248,NA,3.24,0.011,159.444,-81.946
97,3,20,389.965,426.743,10500.385,2,23,179.489,153.69,NA,7.204,0.024,180,20.556
98,3,21,383.14,413.852,10800.396,2,17,194.076,168.27,NA,14.587,0.049,-117.897,62.103
99,3,22,383.14,399.065,11100.406,2,13,208.863,181.278,NA,14.787,0.049,-90,27.897
100,3,23,383.14,399.065,11400.417,2,15,208.863,181.278,NA,0,0,0,90
101,3,24,389.965,394.515,11700.428,2,20,217.065,182.379,NA,8.202,0.027,-33.69,-33.69
102,3,25,396.79,387.69,12000.439,2,30,226.717,185.948,NA,9.652,0.032,-45,-11.31
103,3,26,396.411,367.595,12300.45,2,14,246.816,204.858,NA,20.099,0.067,-91.081,-46.081
104,3,27,400.202,352.428,12600.461,2,16,262.449,218.002,NA,15.633,0.052,-75.964,15.117
105,3,28,399.444,333.849,12900.472,2,19,281.043,235.989,NA,18.594,0.062,-92.337,-16.374
106,3,29,399.823,317.546,13200.483,2,10,297.352,251.57,NA,16.308,0.054,-88.668,3.67
107,3,30,406.269,317.546,13500.494,2,21,303.797,249.947,NA,6.446,0.021,0,88.668
108,3,31,408.165,287.592,13800.505,2,20,333.811,278.719,NA,30.013,0.1,-86.379,-86.379
109,3,32,389.207,263.326,14100.516,2,11,364.604,306.697,NA,30.794,0.103,-127.999,-41.62
110,3,33,381.623,226.547,14400.527,2,15,402.156,344.206,NA,37.552,0.125,-101.65,26.348
111,3,34,383.14,209.485,14700.538,2,16,419.286,360.418,NA,17.129,0.057,-84.92,16.73
112,3,35,374.419,204.177,15000.549,2,7,429.495,367.664,NA,10.209,0.034,-148.671,-63.751
113,3,36,374.419,211.76,15300.56,2,22,437.078,360.326,NA,7.583,0.025,90,-121.329
114,3,37,366.457,212.519,15600.571,2,11,445.077,361.706,NA,7.998,0.027,174.56,84.56
115,3,38,366.078,212.519,15900.582,2,10,445.456,361.811,NA,0.379,0.001,180,5.44
116,3,39,354.703,209.106,16200.593,2,10,457.331,368.372,NA,11.876,0.04,-163.301,16.699
117,4,1,362.286,568.738,4800.176,2,11,0,0,NA,NA,NA,NA,NA
118,4,2,358.305,568.738,5100.187,2,18,3.981,3.981,NA,3.981,0.013,180,NA
119,4,3,354.324,563.62,5400.198,2,25,10.466,9.466,NA,6.485,0.022,-127.875,52.125
120,4,4,350.912,563.62,5700.209,2,13,13.878,12.473,NA,3.412,0.011,180,-52.125
121,4,5,352.618,560.776,6000.22,2,17,17.194,12.525,NA,3.316,0.011,-59.036,120.964
122,4,6,360.011,558.501,6300.231,2,12,24.93,10.487,NA,7.736,0.026,-17.103,41.934
123,4,7,360.011,547.695,6600.242,2,9,35.736,21.166,NA,10.806,0.036,-90,-72.897
124,4,8,353.755,536.32,6900.253,2,15,48.718,33.522,NA,12.982,0.043,-118.811,-28.811
125,4,9,346.362,536.32,7200.264,2,14,56.111,36.118,NA,7.394,0.025,180,-61.189
126,4,10,346.362,523.239,7500.275,2,19,69.192,48.205,NA,13.081,0.044,-90,90
127,4,11,347.499,522.67,7800.286,2,38,70.464,48.383,NA,1.272,0.004,-26.565,63.435
128,4,12,342.38,519.827,8100.297,2,100,76.32,52.807,NA,5.856,0.02,-150.945,-124.38
129,4,13,342.38,519.827,8400.308,2,36,76.32,52.807,NA,0,0,0,150.945
130,4,14,342.38,532.908,8700.319,2,40,89.401,40.989,NA,13.081,0.044,90,90
131,4,15,345.793,531.77,9000.33,2,54,92.998,40.48,NA,3.597,0.012,-18.435,-108.435
132,4,16,350.343,526.083,9300.341,2,73,100.281,44.296,NA,7.283,0.024,-51.34,-32.905
133,4,17,353.186,526.083,9600.352,2,68,103.125,43.615,NA,2.844,0.009,0,51.34
134,4,18,353.186,526.083,9900.363,2,77,103.125,43.615,NA,0,0,0,0
135,4,19,353.186,526.083,10200.374,2,70,103.125,43.615,NA,0,0,0,0
136,4,20,352.618,515.846,10500.385,2,18,113.378,53.769,NA,10.253,0.034,-93.18,-93.18
137,4,21,345.793,512.433,10800.396,2,44,121.008,58.671,NA,7.63,0.025,-153.435,-60.255
138,4,22,345.793,510.158,11100.406,2,16,123.283,60.858,NA,2.275,0.008,-90,63.435
139,4,23,354.893,523.808,11400.417,2,59,139.688,45.535,NA,16.405,0.055,56.31,146.31
140,4,24,358.874,523.808,11700.428,2,44,143.669,45.06,NA,3.981,0.013,0,-56.31
141,4,25,358.874,520.964,12000.439,2,58,146.513,47.896,NA,2.844,0.009,-90,-90
142,4,26,358.874,520.964,12300.45,2,48,146.513,47.896,NA,0,0,0,90
143,4,27,358.874,516.983,12600.461,2,21,150.494,51.868,NA,3.981,0.013,-90,-90
144,4,28,358.874,516.983,12900.472,2,21,150.494,51.868,NA,0,0,0,90
145,4,29,358.874,516.983,13200.483,2,11,150.494,51.868,NA,0,0,0,0
146,4,30,357.736,501.627,13500.494,2,17,165.892,67.265,NA,15.398,0.051,-94.236,-94.236
147,4,31,357.736,497.646,13800.505,2,14,169.873,71.238,NA,3.981,0.013,-90,4.236
148,4,32,353.755,503.902,14100.516,2,18,177.289,65.395,NA,7.415,0.025,122.471,-147.529
149,4,33,358.874,511.864,14400.527,2,15,186.755,56.976,NA,9.466,0.032,57.265,-65.206
150,4,34,366.836,511.864,14700.538,2,20,194.717,57.056,NA,7.962,0.027,0,-57.265
151,4,35,366.836,510.158,15000.549,2,18,196.423,58.756,NA,1.706,0.006,-90,-90
152,4,36,366.836,513.002,15300.56,2,34,199.267,55.922,NA,2.844,0.009,90,180
153,4,37,366.836,507.883,15600.571,2,41,204.385,61.025,NA,5.119,0.017,-90,-180
154,4,38,369.68,517.552,15900.582,2,21,214.463,51.718,NA,10.078,0.034,73.61,163.61
155,4,39,374.799,517.552,16200.593,2,13,219.582,52.694,NA,5.119,0.017,0,-73.61
156,4,40,370.817,529.495,16500.604,2,15,232.172,40.16,NA,12.59,0.042,108.435,108.435
157,4,41,370.817,531.77,16800.615,2,17,234.447,37.94,NA,2.275,0.008,90,-18.435
158,4,42,370.817,516.983,17100.626,2,26,249.234,52.454,NA,14.787,0.049,-90,-180
159,4,43,378.78,520.964,17400.637,2,117,258.136,50.541,NA,8.902,0.03,26.565,116.565
160,4,44,378.78,527.22,17700.648,2,16,264.392,44.674,NA,6.256,0.021,90,63.435
161,4,45,378.78,527.22,18000.659,2,35,264.392,44.674,NA,0,0,0,-90
162,4,46,388.448,535.751,18300.67,2,53,277.286,42.102,NA,12.894,0.043,41.424,41.424
163,4,47,390.154,535.751,18600.681,2,49,278.993,43.183,NA,1.706,0.006,0,-41.424
164,4,48,392.998,538.595,18900.692,2,34,283.014,43.033,NA,4.022,0.013,45,45
165,4,49,399.254,538.595,19200.703,2,28,289.27,47.699,NA,6.256,0.021,0,-45
166,4,50,406.648,538.595,19500.714,2,53,296.664,53.634,NA,7.394,0.025,0,0
167,4,51,410.629,542.576,19800.725,2,37,302.294,54.968,NA,5.63,0.019,45,45
168,4,52,410.629,545.42,20100.736,2,39,305.138,53.673,NA,2.844,0.009,90,45
169,4,53,410.629,545.42,20400.747,2,10,305.138,53.673,NA,0,0,0,-90
170,4,54,402.098,540.301,20700.758,2,26,315.087,48.925,NA,9.949,0.033,-149.036,-149.036
171,4,55,402.098,535.183,21000.769,2,16,320.205,52.067,NA,5.119,0.017,-90,59.036
172,4,56,409.492,537.458,21300.78,2,14,327.941,56.629,NA,7.736,0.026,17.103,107.103
173,4,57,409.492,542.576,21600.791,2,38,333.06,53.97,NA,5.119,0.017,90,72.897
174,4,58,409.492,546.557,21900.802,2,42,337.041,52.157,NA,3.981,0.013,90,0
175,4,59,409.492,546.557,22200.813,2,32,337.041,52.157,NA,0,0,0,-90
176,4,60,409.492,546.557,22500.824,2,57,337.041,52.157,NA,0,0,0,0
177,4,61,395.842,528.927,22800.835,2,13,359.338,52.067,NA,22.297,0.074,-127.747,-127.747
178,4,62,395.842,522.67,23100.846,2,36,365.594,56.993,NA,6.256,0.021,-90,37.747
179,4,63,403.804,522.67,23400.857,2,16,373.556,62.016,NA,7.962,0.027,0,90
180,4,64,403.804,522.67,23700.868,2,23,373.556,62.016,NA,0,0,0,0
181,4,65,393.567,522.67,24000.879,2,34,383.794,55.684,NA,10.237,0.034,180,180
182,4,66,393.567,522.67,24300.89,2,73,383.794,55.684,NA,0,0,0,-180
183,4,67,393.567,531.202,24600.901,2,8,392.325,48.862,NA,8.531,0.028,90,90
184,4,68,364.561,513.571,24900.912,2,13,426.268,55.214,NA,33.944,0.113,-148.707,121.293
185,4,69,325.318,511.864,25200.923,2,12,465.548,67.833,NA,39.28,0.131,-177.51,-28.803
186,4,70,294.038,473.759,25500.934,2,9,514.849,116.957,NA,49.3,0.164,-129.382,48.128
187,4,71,269.013,446.46,25800.945,2,24,551.882,153.792,NA,37.034,0.123,-132.51,-3.128
188,4,72,283.8,465.797,26100.956,2,24,576.225,129.449,NA,24.343,0.081,52.595,-174.895
189,4,73,287.213,465.797,26400.967,2,11,579.638,127.409,NA,3.412,0.011,0,-52.595
190,4,74,287.213,480.015,26700.978,2,19,593.856,116.223,NA,14.218,0.047,90,90
191,4,75,287.213,480.015,27000.989,2,12,593.856,116.223,NA,0,0,0,-90
192,4,76,282.094,480.015,27301,2,13,598.975,119.593,NA,5.119,0.017,180,180
193,4,77,252.52,479.446,27601.011,2,24,628.555,141.498,NA,29.58,0.099,-178.898,1.102
194,4,78,224.652,466.365,27901.022,2,25,659.34,171.533,NA,30.786,0.103,-154.855,24.043
195,4,79,187.115,449.303,28201.033,2,20,700.573,212.014,NA,41.233,0.137,-155.556,-0.701
196,4,80,171.759,442.478,28501.044,2,11,717.377,228.566,NA,16.804,0.056,-156.038,-0.481
197,4,81,181.996,434.516,28801.055,2,11,730.346,224.767,NA,12.969,0.043,-37.875,118.163
198,4,82,185.409,435.085,29101.066,2,15,733.806,221.696,NA,3.459,0.012,9.462,47.337
199,4,83,175.74,427.122,29401.077,2,16,746.331,234.21,NA,12.525,0.042,-140.528,-149.99
200,4,84,166.072,427.122,29701.088,2,16,755.999,241.982,NA,9.669,0.032,180,-39.472
201,4,85,166.072,434.516,30001.099,2,18,763.393,237.731,NA,7.394,0.025,90,-90
202,4,86,154.697,425.985,30301.11,2,30,777.611,251.936,NA,14.218,0.047,-143.13,126.87
203,4,87,128.535,382.192,30601.121,2,19,828.624,299.064,NA,51.012,0.17,-120.854,22.276
204,4,88,96.117,387.311,30901.132,2,54,861.443,322.121,NA,32.82,0.109,171.027,-68.118
205,4,89,93.842,389.017,31201.143,2,25,864.287,323.051,NA,2.844,0.009,143.13,-27.897
206,4,90,61.424,349.205,31501.154,2,48,915.628,372.442,NA,51.341,0.171,-129.155,87.714
207,4,91,63.13,341.812,31801.165,2,38,923.216,375.487,NA,7.588,0.025,-77.005,52.15
208,4,92,67.68,344.087,32101.176,2,33,928.303,370.488,NA,5.087,0.017,26.565,103.57
209,4,93,91.567,292.331,32401.187,2,81,985.305,386.898,NA,57.002,0.19,-65.225,-91.79
210,4,94,96.117,292.331,32701.198,2,66,989.855,383.728,NA,4.55,0.015,0,65.225
211,4,95,77.917,272.994,33001.208,2,11,1016.409,410.281,NA,26.555,0.089,-133.264,-133.264
212,4,96,87.017,266.17,33301.219,2,20,1027.784,409.049,NA,11.375,0.038,-36.87,96.394
213,4,97,87.017,258.776,33601.23,2,23,1035.178,414.548,NA,7.394,0.025,-90,-53.13
214,5,1,238.87,569.876,8400.308,2,20,0,0,NA,NA,NA,NA,NA
215,5,2,232.045,564.757,8700.319,2,10,8.531,8.531,NA,8.531,0.028,-143.13,NA
216,5,3,232.045,560.776,9000.33,2,11,12.512,11.375,NA,3.981,0.013,-90,53.13
217,5,4,229.202,541.439,9300.341,2,7,32.057,30.036,NA,19.545,0.065,-98.366,-8.366
218,5,5,229.202,541.439,9600.352,2,13,32.057,30.036,NA,0,0,0,98.366
219,5,6,216.121,539.733,9900.363,2,21,45.249,37.764,NA,13.192,0.044,-172.569,-172.569
220,5,7,216.121,526.083,10200.374,2,10,58.899,49.349,NA,13.65,0.045,-90,82.569
221,5,8,210.433,502.196,10500.385,2,14,83.454,73.411,NA,24.555,0.082,-103.392,-13.392
222,5,9,199.058,469.778,10800.396,2,16,117.809,107.724,NA,34.356,0.115,-109.335,-5.942
223,5,10,194.508,460.678,11100.406,2,21,127.983,117.865,NA,10.174,0.034,-116.565,-7.23
224,5,11,202.471,458.972,11400.417,2,16,136.126,116.724,NA,8.143,0.027,-12.095,104.47
225,5,12,211.571,465.228,11700.428,2,16,147.169,108.15,NA,11.043,0.037,34.509,46.603
226,5,13,210.433,471.484,12000.439,2,6,153.528,102.419,NA,6.359,0.021,100.305,65.796
227,5,14,207.021,483.428,12300.45,2,22,165.949,92.129,NA,12.421,0.041,105.945,5.641
228,5,15,211.571,483.428,12600.461,2,12,170.499,90.656,NA,4.55,0.015,0,-105.945
229,5,16,201.333,491.959,12900.472,2,8,183.825,86.487,NA,13.326,0.044,140.194,140.194
230,5,17,189.39,499.352,13200.483,2,19,197.872,86.15,NA,14.047,0.047,148.241,8.046
231,5,18,172.328,496.509,13500.494,2,10,215.169,99.049,NA,17.297,0.058,-170.538,41.222
232,5,19,162.659,460.678,13800.505,2,10,252.282,133.163,NA,37.112,0.124,-105.101,65.437
233,5,20,159.247,449.303,14100.516,2,26,264.157,144.491,NA,11.876,0.04,-106.699,-1.598
234,5,21,159.247,443.616,14400.527,2,7,269.845,149.27,NA,5.687,0.019,-90,16.699
235,5,22,156.403,458.403,14700.538,2,36,284.903,138.661,NA,15.058,0.05,100.886,-169.114
236,5,23,155.834,468.072,15000.549,2,37,294.588,131.374,NA,9.685,0.032,93.366,-7.519
237,5,24,159.815,467.503,15300.56,2,54,298.61,129.344,NA,4.022,0.013,-8.13,-101.497
238,5,25,142.753,478.309,15600.571,2,8,318.806,132.751,NA,20.196,0.067,147.653,155.783
239,5,26,133.085,477.74,15900.582,2,60,328.491,140.284,NA,9.685,0.032,-176.634,35.714
240,5,27,133.085,477.74,16200.593,2,20,328.491,140.284,NA,0,0,0,176.634
241,5,28,146.166,465.797,16500.604,2,9,346.204,139.379,NA,17.713,0.059,-42.397,-42.397
242,5,29,139.91,468.072,16800.615,2,12,352.861,141.976,NA,6.657,0.022,160.017,-157.586
243,5,30,151.853,468.072,17100.626,2,13,364.805,133.925,NA,11.944,0.04,0,-160.017
244,5,31,146.734,476.603,17400.637,2,44,374.754,131.106,NA,9.949,0.033,120.964,120.964
245,5,32,145.597,484.565,17700.648,2,48,382.797,126.403,NA,8.043,0.027,98.13,-22.834
246,5,33,145.597,484.565,18000.659,2,24,382.797,126.403,NA,0,0,0,-98.13
247,5,34,147.303,489.684,18300.67,2,14,388.192,121.718,NA,5.396,0.018,71.565,71.565
248,5,35,152.991,490.252,18600.681,2,19,393.908,117.112,NA,5.716,0.019,5.711,-65.854
249,5,36,152.991,490.252,18900.692,2,34,393.908,117.112,NA,0,0,0,-5.711
250,5,37,141.616,491.39,19200.703,2,19,405.34,124.974,NA,11.431,0.038,174.289,174.289
251,5,38,116.591,504.471,19500.714,2,24,433.577,138.672,NA,28.237,0.094,152.403,-21.887
252,5,39,96.117,491.959,19800.725,2,15,457.572,162.633,NA,23.995,0.08,-148.57,59.027
253,5,40,79.623,470.347,20100.736,2,22,484.758,187.791,NA,27.187,0.091,-127.349,21.221
254,5,41,79.623,444.185,20400.747,2,19,510.92,202.874,NA,26.162,0.087,-90,37.349
255,5,42,96.686,416.316,20700.758,2,21,543.597,209.277,NA,32.676,0.109,-58.523,31.477
256,5,43,114.316,396.411,21000.769,2,17,570.188,213.55,NA,26.591,0.089,-48.468,10.055
257,5,44,125.122,371.386,21300.78,2,34,597.446,228.772,NA,27.258,0.091,-66.644,-18.176
258,5,45,119.435,363.424,21600.791,2,25,607.231,238.51,NA,9.785,0.033,-125.538,-58.893
259,5,46,98.392,362.855,21900.802,2,14,628.282,250.183,NA,21.051,0.07,-178.452,-52.914
260,5,47,79.623,338.968,22200.813,2,8,658.66,280.496,NA,30.378,0.101,-128.157,50.295
261,5,48,73.367,314.512,22500.824,2,15,683.903,304.305,NA,25.243,0.084,-104.349,23.808
262,5,49,79.623,270.719,22800.835,2,67,728.141,338.901,NA,44.237,0.147,-81.87,22.479
263,5,50,80.192,212.139,23100.846,2,14,786.724,391.349,NA,58.583,0.195,-89.444,-7.574
264,5,51,76.78,202.471,23400.857,2,30,796.977,401.572,NA,10.253,0.034,-109.44,-19.996
265,5,52,52.893,227.495,23700.868,2,27,831.572,389.631,NA,34.595,0.115,133.668,-116.892
266,5,53,37.537,233.183,24000.879,2,21,847.947,392.298,NA,16.375,0.055,159.677,26.009
267,5,54,11.375,222.945,24300.89,2,10,876.041,414.867,NA,28.094,0.094,-158.629,41.694
268,5,55,4.55,217.827,24600.901,2,24,884.572,422.9,NA,8.531,0.028,-143.13,15.499
269,6,1,379.348,552.814,8100.297,2,39,0,0,NA,NA,NA,NA,NA
270,6,2,372.524,552.814,8400.308,2,13,6.825,6.825,NA,6.825,0.023,180,NA
271,6,3,379.348,547.126,8700.319,2,23,15.709,5.687,NA,8.884,0.03,-39.806,140.194
272,6,4,370.249,528.927,9000.33,2,40,36.057,25.562,NA,20.348,0.068,-116.565,-76.759
273,6,5,370.249,512.433,9300.341,2,22,52.55,41.393,NA,16.493,0.055,-90,26.565
274,6,6,370.249,512.433,9600.352,2,13,52.55,41.393,NA,0,0,0,90
275,6,7,365.13,518.121,9900.363,2,33,60.202,37.494,NA,7.652,0.026,131.987,131.987
276,6,8,367.405,513.002,10200.374,2,23,65.803,41.565,NA,5.601,0.019,-66.038,161.975
277,6,9,371.955,513.002,10500.385,2,28,70.353,40.492,NA,4.55,0.015,0,66.038
278,6,10,371.955,502.196,10800.396,2,10,81.159,51.155,NA,10.806,0.036,-90,-90
279,6,11,377.073,491.39,11100.406,2,15,93.116,61.466,NA,11.957,0.04,-64.654,25.346
280,6,12,366.267,484.565,11400.417,2,19,105.897,69.491,NA,12.781,0.043,-147.724,-83.071
281,6,13,354.324,470.915,11700.428,2,10,124.034,85.636,NA,18.137,0.06,-131.186,16.538
282,6,14,329.299,457.266,12000.439,2,12,152.539,107.863,NA,28.505,0.095,-151.39,-20.204
283,6,15,312.806,453.284,12300.45,2,15,169.506,119.724,NA,16.967,0.057,-166.43,-15.04
284,6,16,312.806,453.284,12600.461,2,14,169.506,119.724,NA,0,0,0,166.43
285,6,17,321.337,452.716,12900.472,2,8,178.056,115.693,NA,8.55,0.028,-3.814,-3.814
286,6,18,317.356,441.91,13200.483,2,7,189.572,127.054,NA,11.516,0.038,-110.225,-106.411
287,6,19,324.181,440.203,13500.494,2,16,196.607,125.397,NA,7.035,0.023,-14.036,96.189
288,6,20,323.612,433.379,13800.505,2,9,203.456,131.8,NA,6.849,0.023,-94.764,-80.727
289,6,21,283.232,402.667,14100.516,2,17,254.188,178.277,NA,50.733,0.169,-142.745,-47.981
290,6,22,283.232,402.667,14400.527,2,41,254.188,178.277,NA,0,0,0,142.745
291,6,23,283.232,388.448,14700.538,2,11,268.407,190.406,NA,14.218,0.047,-90,-90
292,6,24,285.507,415.179,15000.549,2,10,295.234,166.582,NA,26.827,0.089,85.135,175.135
293,6,25,286.075,406.079,15300.56,2,15,304.352,173.87,NA,9.118,0.03,-86.424,-171.559
294,6,26,286.075,367.405,15600.571,2,21,343.026,207.548,NA,38.674,0.129,-90,-3.576
295,6,27,274.132,367.405,15900.582,2,13,354.969,213.183,NA,11.944,0.04,180,-90
296,6,28,277.544,365.13,16200.593,2,7,359.071,213.516,NA,4.101,0.014,-33.69,146.31
297,6,29,264.463,353.755,16500.604,2,38,376.406,229.832,NA,17.335,0.058,-138.991,-105.301
298,6,30,258.207,342.949,16800.615,2,21,388.892,242.319,NA,12.486,0.042,-120.069,18.922
299,6,31,266.738,312.806,17100.626,2,27,420.219,265.113,NA,31.327,0.104,-74.197,45.871
300,6,32,272.426,287.782,17400.637,2,20,445.882,285.787,NA,25.663,0.086,-77.196,-2.998
301,6,33,272.426,276.407,17700.648,2,12,457.256,296.367,NA,11.375,0.038,-90,-12.804
302,6,34,269.582,265.032,18000.659,2,17,468.981,308.005,NA,11.725,0.039,-104.036,-14.036
303,6,35,265.032,259.913,18300.67,2,10,475.83,314.418,NA,6.849,0.023,-131.634,-27.597
304,6,36,240.576,251.382,18600.681,2,11,501.731,331.841,NA,25.901,0.086,-160.769,-29.136
305,6,37,218.964,232.045,18900.692,2,10,530.731,358.63,NA,29,0.097,-138.18,22.589
306,6,38,214.414,238.301,19200.703,2,10,538.467,355.136,NA,7.736,0.026,126.027,-95.793
307,6,39,207.021,238.301,19500.714,2,21,545.86,358.629,NA,7.394,0.025,180,53.973
308,6,40,209.296,224.083,19800.725,2,16,560.259,370.111,NA,14.399,0.048,-80.91,99.09
309,6,41,188.821,203.608,20100.736,2,23,589.215,397.8,NA,28.955,0.097,-135,-54.09
310,6,42,178.584,184.84,20400.747,2,54,610.594,419.179,NA,21.379,0.071,-118.61,16.39
311,6,43,173.465,173.465,20700.758,2,38,623.067,431.617,NA,12.473,0.042,-114.228,4.383
312,6,44,166.64,173.465,21000.769,2,8,629.892,434.914,NA,6.825,0.023,180,-65.772
313,6,45,156.403,183.702,21300.78,2,11,644.37,431.217,NA,14.478,0.048,135,-45
314,6,46,166.64,183.702,21600.791,2,11,654.607,426.014,NA,10.237,0.034,0,-135
315,6,47,167.209,155.834,21900.802,2,41,682.481,450.106,NA,27.874,0.093,-88.831,-88.831
316,6,48,147.872,127.397,22200.813,2,27,716.87,484.314,NA,34.389,0.115,-124.216,-35.385
317,6,49,141.616,134.791,22500.824,2,8,726.555,480.895,NA,9.685,0.032,130.236,-105.548
318,6,50,113.748,100.098,22800.835,2,26,771.055,524.876,NA,44.5,0.148,-128.774,100.989
319,6,51,102.942,97.823,23100.846,2,21,782.098,532.369,NA,11.043,0.037,-168.111,-39.337
320,6,52,96.686,97.823,23400.857,2,35,788.354,535.644,NA,6.256,0.021,180,-11.889
321,6,53,72.23,81.33,23700.868,2,25,817.852,562.689,NA,29.498,0.098,-146.004,33.996
322,6,54,64.836,55.168,24000.879,2,12,845.038,588.702,NA,27.187,0.091,-105.781,40.223
323,6,55,92.136,23.887,24300.89,2,26,886.556,601.876,NA,41.518,0.138,-48.888,56.893
324,6,56,92.136,15.925,24600.901,2,43,894.518,608.885,NA,7.962,0.027,-90,-41.112
325,6,57,97.254,13.081,24900.912,2,15,900.374,609.006,NA,5.856,0.02,-29.055,60.945
326,7,1,486.271,569.307,6600.242,2,19,0,0,NA,NA,NA,NA,NA
327,7,2,480.584,569.307,6900.253,2,74,5.687,5.687,NA,5.687,0.019,180,NA
328,7,3,480.584,569.307,7200.264,2,24,5.687,5.687,NA,0,0,0,-180
329,7,4,480.584,566.274,7500.275,2,15,8.721,6.446,NA,3.033,0.01,-90,-90
330,7,5,469.209,549.212,7800.286,2,12,29.227,26.362,NA,20.506,0.068,-123.69,-33.69
331,7,6,464.659,537.837,8100.297,2,14,41.478,38.177,NA,12.251,0.041,-111.801,11.889
332,7,7,464.659,537.837,8400.308,2,11,41.478,38.177,NA,0,0,0,111.801
333,7,8,463.901,544.662,8700.319,2,18,48.345,33.284,NA,6.867,0.023,96.34,96.34
334,7,9,469.967,544.662,9000.33,2,59,54.411,29.55,NA,6.067,0.02,0,-96.34
335,7,10,476.413,544.662,9300.341,2,43,60.857,26.544,NA,6.446,0.021,0,0
336,7,11,476.413,544.662,9600.352,2,68,60.857,26.544,NA,0,0,0,0
337,7,12,476.413,547.316,9900.363,2,113,63.511,24.1,NA,2.654,0.009,90,90
338,7,13,476.413,547.316,10200.374,2,41,63.511,24.1,NA,0,0,0,-90
339,7,14,469.209,531.77,10500.385,2,16,80.645,41.233,NA,17.134,0.057,-114.864,-114.864
340,7,15,462.005,531.77,10800.396,2,14,87.849,44.697,NA,7.204,0.024,180,-65.136
341,7,16,462.005,526.841,11100.406,2,17,92.778,48.91,NA,4.929,0.016,-90,90
342,7,17,462.005,526.841,11400.417,2,54,92.778,48.91,NA,0,0,0,90
343,7,18,463.143,524.187,11700.428,2,12,95.665,50.702,NA,2.888,0.01,-66.801,-66.801
344,7,19,450.63,521.912,12000.439,2,9,108.383,59.3,NA,12.717,0.042,-169.695,-102.894
345,7,20,454.801,528.737,12300.45,2,31,116.381,51.345,NA,7.998,0.027,58.57,-131.734
346,7,21,454.801,528.358,12600.461,2,71,116.76,51.645,NA,0.379,0.001,-90,-148.57
347,7,22,454.801,518.121,12900.472,2,27,126.997,60.087,NA,10.237,0.034,-90,0
348,7,23,454.801,509.021,13200.483,2,13,136.097,68.006,NA,9.1,0.03,-90,0
349,7,24,461.626,515.466,13500.494,2,30,145.485,59.213,NA,9.388,0.031,43.363,133.363
350,7,25,461.626,520.396,13800.505,2,57,150.414,54.77,NA,4.929,0.016,90,46.637
351,7,26,461.626,526.083,14100.516,2,31,156.101,49.757,NA,5.687,0.019,90,0
352,7,27,461.626,526.083,14400.527,2,33,156.101,49.757,NA,0,0,0,-90
353,7,28,468.072,526.083,14700.538,2,9,162.547,46.899,NA,6.446,0.021,0,0
354,7,29,461.626,502.196,15000.549,2,9,187.288,71.493,NA,24.741,0.082,-105.101,-105.101
355,7,30,437.739,502.196,15300.56,2,16,211.175,82.821,NA,23.887,0.08,180,-74.899
356,7,31,420.677,516.225,15600.571,2,16,233.264,84.382,NA,22.089,0.074,140.572,-39.428
357,7,32,420.677,506.746,15900.582,2,19,242.743,90.645,NA,9.479,0.032,-90,129.428
358,7,33,436.601,491.579,16200.593,2,6,264.735,92.242,NA,21.991,0.073,-43.603,46.397
359,7,34,433.189,506.367,16500.604,2,26,279.91,82.336,NA,15.176,0.051,102.995,146.597
360,7,35,431.293,511.675,16800.615,2,24,285.547,79.65,NA,5.637,0.019,109.654,6.659
361,7,36,430.914,499.921,17100.626,2,23,297.307,88.763,NA,11.76,0.039,-91.848,158.499
362,7,37,436.601,499.921,17400.637,2,20,302.994,85.332,NA,5.687,0.019,0,91.848
363,7,38,435.085,490.821,17700.648,2,12,312.22,93.702,NA,9.225,0.031,-99.462,-99.462
364,7,39,443.047,487.788,18000.659,2,10,320.74,92.27,NA,8.521,0.028,-20.854,78.608
365,7,40,443.047,487.788,18300.67,2,7,320.74,92.27,NA,0,0,0,20.854
366,7,41,443.426,476.792,18600.681,2,10,331.742,101.954,NA,11.002,0.037,-88.025,-88.025
367,7,42,452.147,476.792,18900.692,2,20,340.463,98.608,NA,8.721,0.029,0,88.025
368,7,43,468.451,475.276,19200.703,2,19,356.837,95.705,NA,16.374,0.055,-5.315,-5.315
369,7,44,475.276,473.001,19500.714,2,20,364.031,96.932,NA,7.194,0.024,-18.435,-13.12
370,7,45,479.826,469.967,19800.725,2,22,369.5,99.549,NA,5.468,0.018,-33.69,-15.255
371,7,46,481.342,472.622,20100.736,2,27,372.557,96.811,NA,3.057,0.01,60.255,93.945
372,7,47,490.063,484.755,20400.747,2,39,387.499,84.637,NA,14.942,0.05,54.293,-5.962
373,7,48,497.267,487.03,20700.758,2,24,395.053,83.009,NA,7.555,0.025,17.526,-36.768
374,7,49,502.954,487.03,21000.769,2,14,400.741,83.952,NA,5.687,0.019,0,-17.526
375,7,50,510.158,490.063,21300.78,2,7,408.557,82.766,NA,7.817,0.026,22.834,22.834
376,7,51,514.329,488.167,21600.791,2,7,413.139,85.854,NA,4.581,0.015,-24.444,-47.278
377,7,52,520.016,488.167,21900.802,2,8,418.826,87.877,NA,5.687,0.019,0,24.444
378,7,53,520.016,488.167,22200.813,2,11,418.826,87.877,NA,0,0,0,0
379,7,54,530.633,494.613,22500.824,2,6,431.246,86.875,NA,12.42,0.041,31.264,31.264
380,7,55,530.633,494.613,22800.835,2,5,431.246,86.875,NA,0,0,0,-31.264
381,7,56,504.85,485.892,23100.846,2,14,458.464,85.459,NA,27.218,0.091,-161.313,-161.313
382,7,57,504.85,482.1,23400.857,2,20,462.255,89.164,NA,3.792,0.013,-90,71.313
383,7,58,514.329,482.1,23700.868,2,14,471.734,91.609,NA,9.479,0.032,0,90
384,7,59,513.192,483.238,24000.879,2,11,473.343,90.181,NA,1.609,0.005,135,135
385,7,60,515.846,484.755,24300.89,2,15,476.4,89.575,NA,3.057,0.01,29.745,-105.255
386,7,61,515.846,488.925,24600.901,2,17,480.57,85.65,NA,4.171,0.014,90,60.255
387,7,62,518.5,488.925,24900.912,2,10,483.225,86.602,NA,2.654,0.009,0,-90
388,7,63,518.5,488.925,25200.923,2,13,483.225,86.602,NA,0,0,0,0
389,7,64,508.262,488.925,25500.934,2,13,493.462,83.336,NA,10.237,0.034,180,180
390,7,65,505.987,484.755,25800.945,2,15,498.213,86.821,NA,4.751,0.016,-118.61,61.39
391,7,66,509.021,484.755,26100.956,2,8,501.246,87.559,NA,3.033,0.01,0,118.61
392,7,67,520.396,488.546,26400.967,2,15,513.236,87.674,NA,11.99,0.04,18.435,18.435
393,7,68,520.396,488.546,26700.978,2,34,513.236,87.674,NA,0,0,0,-18.435
394,7,69,522.67,488.546,27000.989,2,18,515.511,88.585,NA,2.275,0.008,0,0
395,7,70,534.804,488.546,27301,2,8,527.644,94.222,NA,12.133,0.04,0,0
396,7,71,540.491,474.517,27601.011,2,22,542.782,109.201,NA,15.138,0.05,-67.932,-67.932
397,7,72,543.524,470.726,27901.022,2,15,547.638,114.001,NA,4.856,0.016,-51.34,16.592
398,7,73,540.491,468.451,28201.033,2,38,551.429,114.507,NA,3.792,0.013,-143.13,-91.79
399,7,74,540.87,458.593,28501.044,2,15,561.295,123.445,NA,9.865,0.033,-87.797,55.333
400,7,75,540.87,458.593,28801.055,2,26,561.295,123.445,NA,0,0,0,87.797
401,7,76,535.183,459.73,29101.066,2,18,567.095,119.998,NA,5.8,0.019,168.69,168.69
402,7,77,535.183,461.247,29401.077,2,23,568.611,118.614,NA,1.517,0.005,90,-78.69
403,7,78,543.903,462.005,29701.088,2,8,577.365,121.8,NA,8.754,0.029,4.97,-85.03
404,7,79,545.799,463.901,30001.099,2,14,580.046,121.054,NA,2.681,0.009,45,40.03
405,7,80,540.87,477.93,30301.11,2,11,594.915,106.446,NA,14.87,0.05,109.359,64.359
406,7,81,535.183,477.93,30601.121,2,9,600.603,103.644,NA,5.687,0.019,180,70.641
407,7,82,548.832,477.93,30901.132,2,16,614.252,110.742,NA,13.65,0.045,0,-180
408,7,83,551.487,477.93,31201.143,2,42,616.907,112.262,NA,2.654,0.009,0,0
409,7,84,552.624,477.93,31501.154,2,17,618.044,112.927,NA,1.137,0.004,0,0
410,7,85,555.278,477.93,31801.165,2,60,620.698,114.507,NA,2.654,0.009,0,0
411,7,86,555.278,477.171,32101.176,2,34,621.457,115.113,NA,0.758,0.003,-90,-90
412,7,87,555.278,477.171,32401.187,2,16,621.457,115.113,NA,0,0,0,90
413,7,88,555.278,474.896,32701.198,2,9,623.731,116.941,NA,2.275,0.008,-90,-90
414,7,89,559.828,474.896,33001.208,2,29,628.281,119.683,NA,4.55,0.015,0,90
415,7,90,559.828,474.896,33301.219,2,22,628.281,119.683,NA,0,0,0,0
416,7,91,563.24,467.692,33601.23,2,11,636.253,127.475,NA,7.971,0.027,-64.654,-64.654
417,7,92,564.757,465.797,33901.241,2,18,638.681,129.902,NA,2.428,0.008,-51.34,13.314
418,7,93,571.961,462.384,34201.252,2,7,646.652,137.023,NA,7.971,0.027,-25.346,25.994
419,8,1,336.693,573.857,10800.396,2,31,0,0,NA,NA,NA,NA,NA
420,8,2,323.612,565.895,11100.406,2,17,15.314,15.314,NA,15.314,0.051,-148.671,NA
421,8,3,321.906,553.382,11400.417,2,13,27.942,25.256,NA,12.628,0.042,-97.765,50.906
422,8,4,321.906,553.382,11700.428,2,26,27.942,25.256,NA,0,0,0,97.765
423,8,5,308.256,553.382,12000.439,2,24,41.592,35.041,NA,13.65,0.045,180,180
424,8,6,308.256,553.382,12300.45,2,11,41.592,35.041,NA,0,0,0,-180
425,8,7,308.256,547.126,12600.461,2,12,47.848,39.028,NA,6.256,0.021,-90,-90
426,8,8,308.256,547.126,12900.472,2,21,47.848,39.028,NA,0,0,0,90
427,8,9,299.156,547.126,13200.483,2,49,56.947,46.082,NA,9.1,0.03,180,180
428,8,10,299.156,543.714,13500.494,2,17,60.36,48.142,NA,3.412,0.011,-90,90
429,8,11,299.156,535.183,13800.505,2,18,68.891,53.895,NA,8.531,0.028,-90,0
430,8,12,299.156,535.183,14100.516,2,15,68.891,53.895,NA,0,0,0,90
431,8,13,299.725,523.808,14400.527,2,15,80.28,62.222,NA,11.389,0.038,-87.138,-87.138
432,8,14,301.431,493.096,14700.538,2,9,111.039,88.123,NA,30.759,0.103,-86.82,0.317
433,8,15,303.138,479.446,15000.549,2,16,124.795,100.196,NA,13.756,0.046,-82.875,3.945
434,8,16,307.119,468.072,15300.56,2,16,136.846,109.842,NA,12.051,0.04,-70.71,12.165
435,8,17,301.431,468.072,15600.571,2,10,142.534,111.508,NA,5.687,0.019,180,-109.29
436,8,18,310.531,468.64,15900.582,2,13,151.651,108.42,NA,9.118,0.03,3.576,-176.424
437,8,19,317.925,453.284,16200.593,2,11,168.695,122.025,NA,17.043,0.057,-64.29,-67.866
438,8,20,321.337,472.053,16500.604,2,21,187.771,102.956,NA,19.076,0.064,79.695,143.985
439,8,21,316.218,470.347,16800.615,2,12,193.166,105.516,NA,5.396,0.018,-161.565,118.74
440,8,22,316.218,464.659,17100.626,2,21,198.854,111.101,NA,5.687,0.019,-90,71.565
441,8,23,321.906,464.659,17400.637,2,70,204.541,110.194,NA,5.687,0.019,0,90
442,8,24,308.256,456.697,17700.648,2,73,220.343,120.562,NA,15.802,0.053,-149.744,-149.744
443,8,25,308.256,456.697,18000.659,2,64,220.343,120.562,NA,0,0,0,149.744
444,8,26,308.256,452.716,18300.67,2,86,224.324,124.434,NA,3.981,0.013,-90,-90
445,8,27,315.081,452.716,18600.681,2,72,231.149,123.054,NA,6.825,0.023,0,90
446,8,28,315.081,457.834,18900.692,2,88,236.268,118.018,NA,5.119,0.017,90,90
447,8,29,320.2,457.834,19200.703,2,73,241.387,117.189,NA,5.119,0.017,0,-90
448,8,30,320.2,457.834,19500.714,2,23,241.387,117.189,NA,0,0,0,0
449,8,31,320.2,449.872,19800.725,2,23,249.349,125.077,NA,7.962,0.027,-90,-90
450,8,32,307.687,449.872,20100.736,2,18,261.861,127.333,NA,12.512,0.042,180,-90
451,8,33,303.138,442.478,20400.747,2,20,270.543,135.596,NA,8.681,0.029,-121.608,58.392
452,8,34,303.138,442.478,20700.758,2,14,270.543,135.596,NA,0,0,0,121.608
453,8,35,311.1,442.478,21000.769,2,10,278.505,133.848,NA,7.962,0.027,0,0
454,8,36,311.1,442.478,21300.78,2,15,278.505,133.848,NA,0,0,0,0
455,8,37,294.606,457.266,21600.791,2,19,300.656,123.955,NA,22.152,0.074,138.122,138.122
456,8,38,286.075,454.991,21900.802,2,9,309.486,129.195,NA,8.829,0.029,-165.069,56.809
457,8,39,309.394,455.559,22200.813,2,10,332.811,121.407,NA,23.325,0.078,1.397,166.466
458,8,40,283.232,458.972,22500.824,2,29,359.194,126.715,NA,26.384,0.088,172.569,171.171
459,8,41,282.663,459.541,22800.835,2,9,359.999,126.442,NA,0.804,0.003,135,-37.569
460,8,42,275.838,456.128,23100.846,2,8,367.629,132.527,NA,7.63,0.025,-153.435,71.565
461,8,43,275.838,456.128,23400.857,2,7,367.629,132.527,NA,0,0,0,153.435
462,8,44,274.132,452.716,23700.868,2,23,371.444,136.342,NA,3.815,0.013,-116.565,-116.565
463,8,45,281.525,452.716,24000.879,2,19,378.838,133.111,NA,7.394,0.025,0,116.565
464,8,46,281.525,465.797,24300.89,2,19,391.919,121.328,NA,13.081,0.044,90,90
465,8,49,272.994,452.147,24600.901,2,13,408.015,137.371,NA,16.096,0.054,-122.005,147.995
466,8,50,286.644,452.147,24900.912,2,14,421.665,131.599,NA,13.65,0.045,0,122.005
467,9,1,298.208,576.132,18900.692,2,38,0,0,NA,NA,NA,NA,NA
468,9,2,296.313,562.482,19200.703,2,25,13.781,13.781,NA,13.781,0.046,-97.907,NA
469,9,3,298.967,553.382,19500.714,2,24,23.26,22.762,NA,9.479,0.032,-73.74,24.167
470,9,4,298.967,553.382,19800.725,2,17,23.26,22.762,NA,0,0,0,73.74
471,9,5,295.933,548.074,20100.736,2,13,29.373,28.15,NA,6.114,0.02,-119.745,-119.745
472,9,6,291.384,531.77,20400.747,2,26,46.3,44.884,NA,16.927,0.056,-105.593,14.152
473,9,7,286.075,521.154,20700.758,2,20,58.17,56.301,NA,11.87,0.04,-116.565,-10.972
474,9,8,278.113,520.016,21000.769,2,41,66.213,59.605,NA,8.043,0.027,-171.87,-55.305
475,9,9,278.113,512.054,21300.78,2,15,74.175,67.155,NA,7.962,0.027,-90,81.87
476,9,10,288.729,512.054,21600.791,2,14,84.792,64.775,NA,10.616,0.035,0,90
477,9,11,283.042,505.608,21900.802,2,15,93.388,72.136,NA,8.596,0.029,-131.424,-131.424
478,9,12,245.505,493.475,22200.813,2,17,132.837,98.029,NA,39.449,0.131,-162.087,-30.664
479,9,13,252.709,473.759,22500.824,2,15,153.828,112.028,NA,20.991,0.07,-69.928,92.159
480,9,14,229.96,464.28,22800.835,2,25,178.473,131.029,NA,24.645,0.082,-157.38,-87.452
481,9,15,221.998,447.976,23100.846,2,12,196.618,149.104,NA,18.144,0.06,-116.03,41.351
482,9,16,204.177,431.672,23400.857,2,13,220.771,172.367,NA,24.153,0.081,-137.545,-21.515
483,9,17,168.347,422.573,23700.868,2,10,257.739,201.108,NA,36.968,0.123,-165.75,-28.205
484,9,18,165.503,427.691,24000.879,2,14,263.594,199.112,NA,5.856,0.02,119.055,-75.195
485,9,19,161.522,431.104,24300.89,2,9,268.838,199.29,NA,5.244,0.017,139.399,20.344
486,9,20,135.928,419.729,24600.901,2,52,296.845,225.381,NA,28.007,0.093,-156.038,64.564
487,9,21,127.966,402.098,24900.912,2,24,316.19,243.455,NA,19.345,0.064,-114.305,41.733
488,9,22,133.085,382.761,25200.923,2,39,336.194,254.28,NA,20.003,0.067,-75.174,39.131
489,9,23,133.085,371.955,25500.934,2,15,347,262.591,NA,10.806,0.036,-90,-14.826
490,9,24,121.71,347.499,25800.945,2,8,373.971,288.833,NA,26.972,0.09,-114.944,-24.944
491,9,25,117.16,319.062,26100.956,2,31,402.77,314.425,NA,28.799,0.096,-99.09,15.854
492,9,26,117.16,308.825,26400.967,2,10,413.007,322.849,NA,10.237,0.034,-90,9.09
493,9,27,95.548,285.507,26700.978,2,14,444.801,354.308,NA,31.793,0.106,-132.825,-42.825
494,9,28,88.154,271.288,27000.989,2,38,460.826,370.206,NA,16.026,0.053,-117.474,15.351
495,9,29,70.524,254.795,27301,2,25,484.969,393.825,NA,24.143,0.08,-136.909,-19.435
496,9,30,72.798,254.226,27601.011,2,19,487.314,392.98,NA,2.345,0.008,-14.036,122.873
497,9,31,74.505,254.226,27901.022,2,18,489.021,392.003,NA,1.706,0.006,0,14.036
498,9,32,63.699,249.676,28201.033,2,33,500.745,401.955,NA,11.725,0.039,-157.166,-157.166
499,9,33,46.068,242.283,28501.044,2,32,519.864,418.366,NA,19.118,0.064,-157.249,-0.083
500,9,34,43.793,238.301,28801.055,2,43,524.449,422.915,NA,4.585,0.015,-119.745,37.504
501,9,35,44.93,229.202,29101.066,2,27,533.62,429.547,NA,9.171,0.031,-82.875,36.87
502,9,36,50.049,196.783,29401.077,2,48,566.439,453.308,NA,32.82,0.109,-81.027,1.848
503,9,37,29.006,178.584,29701.088,2,8,594.261,480.119,NA,27.822,0.093,-139.145,-58.117
504,9,38,22.75,174.603,30001.099,2,33,601.677,486.933,NA,7.415,0.025,-147.529,-8.384
505,9,39,21.043,162.659,30301.11,2,46,613.741,497.775,NA,12.065,0.04,-98.13,49.399
506,9,40,29.006,152.422,30601.121,2,33,626.711,501.996,NA,12.969,0.043,-52.125,46.005
507,9,41,37.537,133.085,30901.132,2,29,647.846,514.043,NA,21.135,0.07,-66.194,-14.069
508,9,42,43.224,112.61,31201.143,2,14,669.096,529.027,NA,21.25,0.071,-74.476,-8.282
509,9,43,38.674,104.079,31501.154,2,32,678.764,538.695,NA,9.669,0.032,-118.072,-43.597
510,9,44,26.162,98.96,31801.165,2,46,692.283,549.274,NA,13.519,0.045,-157.751,-39.678
511,9,45,22.181,63.699,32101.176,2,48,727.769,582.047,NA,35.486,0.118,-96.442,61.309
512,9,46,22.181,45.499,32401.187,2,53,745.969,598.132,NA,18.2,0.061,-90,6.442
513,9,47,25.593,30.143,32701.198,2,14,761.699,610.265,NA,15.731,0.052,-77.471,12.529
514,9,48,31.849,26.731,33001.208,2,16,768.825,610.564,NA,7.126,0.024,-28.61,48.861
515,9,49,35.831,12.512,33301.219,2,20,783.591,621.699,NA,14.765,0.049,-74.358,-45.747
516,10,1,377.642,484.565,26400.967,2,9,0,0,NA,NA,NA,NA,NA
517,10,2,365.13,479.446,26700.978,2,25,13.519,13.519,NA,13.519,0.045,-157.751,NA
518,10,3,356.03,486.84,27000.989,2,12,25.244,21.731,NA,11.725,0.039,140.906,-61.343
519,10,4,356.03,474.896,27301,2,12,37.187,23.676,NA,11.944,0.04,-90,129.094
520,10,5,366.267,474.328,27601.011,2,21,47.44,15.303,NA,10.253,0.034,-3.18,86.82
521,10,6,366.267,473.759,27901.022,2,22,48.009,15.689,NA,0.569,0.002,-90,-86.82
522,10,7,334.418,476.034,28201.033,2,11,79.939,44.058,NA,31.93,0.106,175.914,-94.086
523,10,8,331.006,480.015,28501.044,2,9,85.183,46.858,NA,5.244,0.017,130.601,-45.313
524,10,9,296.313,480.015,28801.055,2,21,119.876,81.457,NA,34.693,0.116,180,49.399
525,10,10,252.52,499.352,29101.066,2,24,167.748,125.993,NA,47.872,0.16,156.176,-23.824
526,10,11,211.571,487.977,29401.077,2,11,210.248,166.107,NA,42.5,0.142,-164.476,39.348
527,10,12,222.945,485.134,29701.088,2,16,221.973,154.698,NA,11.725,0.039,-14.036,150.44
528,10,13,226.927,484.565,30001.099,2,7,225.994,150.716,NA,4.022,0.013,-8.13,5.906
529,10,14,233.751,490.252,30301.11,2,14,234.878,144.003,NA,8.884,0.03,39.806,47.936
530,10,15,230.908,492.527,30601.121,2,24,238.52,146.95,NA,3.642,0.012,141.34,101.535
531,10,16,222.945,491.959,30901.132,2,17,246.502,154.873,NA,7.983,0.027,-175.914,42.745
532,10,17,199.627,466.934,31201.143,2,17,280.707,178.886,NA,34.205,0.114,-132.979,42.936
533,10,18,199.627,433.379,31501.154,2,22,314.263,185.228,NA,33.556,0.112,-90,42.979
534,10,19,192.802,387.311,31801.165,2,25,360.833,208.864,NA,46.571,0.155,-98.427,-8.427
535,10,20,192.802,363.424,32101.176,2,24,384.72,221,NA,23.887,0.08,-90,8.427
536,10,21,197.352,367.405,32401.187,2,23,390.766,215.014,NA,6.046,0.02,41.186,131.186
537,10,22,191.665,363.424,32701.198,2,31,397.708,221.952,NA,6.942,0.023,-145.008,173.806
538,10,23,175.74,370.249,33001.208,2,42,415.034,232.019,NA,17.326,0.058,156.801,-58.191
539,10,24,166.072,356.03,33301.219,2,17,432.228,247.555,NA,17.194,0.057,-124.216,78.983
540,10,25,166.072,349.205,33601.23,2,12,439.053,251.166,NA,6.825,0.023,-90,34.216
541,10,26,166.072,346.93,33901.241,2,23,441.328,252.399,NA,2.275,0.008,-90,0
542,10,27,166.64,344.087,34201.252,2,11,444.228,253.488,NA,2.9,0.01,-78.69,11.31
543,10,28,149.009,343.518,34501.263,2,9,461.868,268.64,NA,17.64,0.059,-178.152,-99.462
544,10,29,107.492,334.987,34801.274,2,23,504.253,308.796,NA,42.385,0.141,-168.389,9.764
545,10,30,66.542,306.55,35101.285,2,28,554.108,358.431,NA,49.855,0.166,-145.222,23.166
546,10,31,53.461,298.588,35401.296,2,31,569.422,373.739,NA,15.314,0.051,-148.671,-3.449
547,10,32,49.48,299.725,35701.307,2,27,573.562,376.638,NA,4.14,0.014,164.055,-47.274
548,10,33,49.48,309.394,36001.318,2,17,583.231,371.988,NA,9.669,0.032,90,-74.055
549,10,34,54.599,309.394,36301.329,2,13,588.35,367.481,NA,5.119,0.017,0,-90
550,10,35,22.75,308.256,36601.34,2,31,620.219,396.275,NA,31.87,0.106,-177.955,-177.955
551,10,36,5.687,294.606,36901.351,2,13,642.069,417.654,NA,21.85,0.073,-141.34,36.614
552,11,1,413.473,505.608,19200.703,2,14,0,0,NA,NA,NA,NA,NA
553,11,2,405.51,482.29,19500.714,2,13,24.64,24.64,NA,24.64,0.082,-108.853,NA
554,11,3,400.392,463.522,19800.725,2,20,44.094,44.073,NA,19.454,0.065,-105.255,3.598
555,11,4,398.686,477.171,20100.736,2,10,57.85,32.052,NA,13.756,0.046,97.125,-157.62
556,11,5,392.998,474.896,20400.747,2,20,63.976,36.911,NA,6.125,0.02,-158.199,104.676
557,11,6,383.898,474.896,20700.758,2,7,73.075,42.636,NA,9.1,0.03,180,-21.801
558,11,7,376.505,474.896,21000.769,2,11,80.469,48.061,NA,7.394,0.025,180,0
559,11,8,376.505,474.896,21300.78,2,19,80.469,48.061,NA,0,0,0,-180
560,11,9,378.211,477.171,21600.791,2,13,83.313,45.3,NA,2.844,0.009,53.13,53.13
561,11,10,366.267,486.271,21900.802,2,14,98.328,51.012,NA,15.015,0.05,142.696,89.566
562,11,11,344.087,463.522,22200.813,2,13,130.101,81.152,NA,31.773,0.106,-134.275,83.029
563,11,12,344.655,456.128,22500.824,2,60,137.516,84.759,NA,7.415,0.025,-85.601,48.673
564,11,13,358.874,472.622,22800.835,2,16,159.292,63.79,NA,21.776,0.073,49.236,134.838
565,11,14,361.149,470.347,23100.846,2,12,162.51,63.097,NA,3.217,0.011,-45,-94.236
566,11,15,361.149,464.659,23400.857,2,36,168.197,66.443,NA,5.687,0.019,-90,-45
567,11,16,354.324,455.559,23700.868,2,41,179.572,77.482,NA,11.375,0.038,-126.87,-36.87
568,11,17,353.186,435.654,24000.879,2,18,199.51,92.348,NA,19.938,0.066,-93.27,33.599
569,11,18,353.186,415.179,24300.89,2,11,219.985,108.683,NA,20.475,0.068,-90,3.27
570,11,19,354.324,403.804,24600.901,2,31,231.416,117.74,NA,11.431,0.038,-84.289,5.711
571,11,20,356.03,382.761,24900.912,2,24,252.528,135.614,NA,21.112,0.07,-85.365,-1.075
572,11,21,354.893,357.736,25200.923,2,12,277.579,159.053,NA,25.05,0.083,-92.603,-7.238
573,11,22,354.893,325.318,25500.934,2,22,309.997,189.568,NA,32.418,0.108,-90,2.603
574,11,23,364.561,324.75,25800.945,2,13,319.682,187.356,NA,9.685,0.032,-3.366,86.634
575,11,24,366.267,329.868,26100.956,2,16,325.078,181.97,NA,5.396,0.018,71.565,74.932
576,11,25,366.267,327.593,26400.967,2,7,327.353,184.168,NA,2.275,0.008,-90,-161.565
577,11,26,367.405,320.2,26700.978,2,13,334.833,191.046,NA,7.481,0.025,-81.254,8.746
578,11,27,360.011,303.138,27000.989,2,20,353.428,209.41,NA,18.595,0.062,-113.429,-32.175
579,11,28,347.499,303.138,27301,2,22,365.941,212.948,NA,12.512,0.042,180,-66.571
580,11,29,348.637,267.876,27601.011,2,9,401.221,246.415,NA,35.28,0.118,-88.152,91.848
581,11,30,348.637,267.876,27901.022,2,17,401.221,246.415,NA,0,0,0,88.152
582,11,31,353.186,267.876,28201.033,2,12,405.771,245.257,NA,4.55,0.015,0,0
583,11,32,357.168,272.994,28501.044,2,9,412.255,239.331,NA,6.485,0.022,52.125,52.125
584,11,33,352.618,262.188,28801.055,2,23,423.98,250.912,NA,11.725,0.039,-112.834,-164.959
585,11,34,341.243,251.951,29101.066,2,15,439.283,263.741,NA,15.303,0.051,-138.013,-25.179
586,11,35,338.399,243.989,29401.077,2,23,447.738,272.178,NA,8.455,0.028,-109.654,28.359
587,11,36,327.593,229.77,29701.088,2,9,465.597,288.898,NA,17.859,0.06,-127.235,-17.581
588,11,37,319.062,222.945,30001.099,2,18,476.522,298.013,NA,10.925,0.036,-141.34,-14.105
589,11,38,304.844,219.533,30301.11,2,26,491.144,306.006,NA,14.622,0.049,-166.504,-25.164
590,11,39,304.844,212.708,30601.121,2,32,497.969,312.395,NA,6.825,0.023,-90,76.504
591,11,40,292.331,203.608,30901.132,2,6,513.441,325.391,NA,15.471,0.052,-143.973,-53.973
592,11,41,275.838,195.646,31201.143,2,20,531.755,339.146,NA,18.315,0.061,-154.231,-10.258
593,11,42,255.932,214.983,31501.154,2,8,559.507,330.578,NA,27.752,0.093,135.83,-69.939
594,11,43,246.264,231.476,31801.165,2,17,578.626,321.103,NA,19.118,0.064,120.379,-15.451
595,11,44,234.889,238.301,32101.176,2,26,591.891,321.473,NA,13.265,0.044,149.036,28.657
596,11,45,234.889,238.301,32401.187,2,18,591.891,321.473,NA,0,0,0,-149.036
597,11,46,241.145,241.145,32701.198,2,14,598.763,315.654,NA,6.872,0.023,24.444,24.444
598,11,47,232.045,245.126,33001.208,2,12,608.695,317.438,NA,9.933,0.033,156.371,131.927
599,11,48,232.045,248.539,33301.219,2,11,612.108,314.644,NA,3.412,0.011,90,-66.371
600,11,49,232.045,254.795,33601.23,2,11,618.364,309.554,NA,6.256,0.021,90,0
601,11,50,223.514,263.895,33901.241,2,10,630.837,307.424,NA,12.473,0.042,133.152,43.152
602,11,51,221.808,258.207,34201.252,2,9,636.775,312.958,NA,5.938,0.02,-106.699,120.148
603,11,52,210.433,253.657,34501.263,2,11,649.026,323.581,NA,12.251,0.041,-158.199,-51.499
604,11,53,191.096,235.458,34801.274,2,38,675.581,349.904,NA,26.555,0.089,-136.736,21.463
605,11,54,177.446,225.789,35101.285,2,17,692.308,366.07,NA,16.727,0.056,-144.689,-7.953
606,11,55,139.341,176.878,35401.296,2,20,754.311,428.033,NA,62.003,0.207,-127.921,16.768
607,11,56,133.653,168.347,35701.307,2,55,764.564,438.229,NA,10.253,0.034,-123.69,4.231
608,11,57,112.041,175.171,36001.318,2,15,787.228,447.269,NA,22.664,0.076,162.474,-73.836
609,11,58,101.235,179.721,36301.329,2,45,798.953,451.325,NA,11.725,0.039,157.166,-5.308
610,11,59,101.235,179.721,36601.34,2,46,798.953,451.325,NA,0,0,0,-157.166
611,11,60,83.036,174.034,36901.351,2,24,818.02,468.113,NA,19.068,0.064,-162.646,-162.646
612,11,61,59.718,165.503,37201.362,2,29,842.85,490.729,NA,24.83,0.083,-159.905,2.741
613,11,62,51.186,165.503,37501.373,2,51,851.381,496.914,NA,8.531,0.028,180,-20.095
614,11,63,46.637,179.721,37801.384,2,14,866.31,490.684,NA,14.929,0.05,107.745,-72.255
615,11,64,30.143,163.797,38101.395,2,78,889.237,513.592,NA,22.927,0.076,-136.005,116.25
616,11,65,35.262,136.497,38401.406,2,36,917.012,528.476,NA,27.775,0.093,-79.38,56.625
617,11,66,50.049,89.861,38701.417,2,47,965.936,552.198,NA,48.925,0.163,-72.408,6.973
618,11,67,64.836,80.761,39001.428,2,22,983.299,549.584,NA,17.363,0.058,-31.608,40.8
619,11,68,52.324,80.761,39301.439,2,74,995.812,557.605,NA,12.512,0.042,180,-148.392
620,11,69,51.755,88.154,39601.45,2,64,1003.227,552.365,NA,7.415,0.025,94.399,-85.601
621,11,70,51.755,73.936,39901.461,2,30,1017.445,563.188,NA,14.218,0.047,-90,175.601
622,11,71,48.343,64.836,40201.472,2,26,1027.164,572.364,NA,9.719,0.032,-110.556,-20.556
623,11,72,47.774,57.443,40501.483,2,27,1034.579,578.436,NA,7.415,0.025,-94.399,16.157
624,11,73,39.243,55.168,40801.494,2,32,1043.409,585.615,NA,8.829,0.029,-165.069,-70.67
625,11,74,19.337,44.93,41101.505,2,29,1065.793,606.273,NA,22.384,0.075,-152.784,12.285
626,11,75,13.081,25.593,41401.516,2,12,1086.117,625.082,NA,20.324,0.068,-107.928,44.856
627,12,1,462.953,494.234,26400.967,2,23,0,0,NA,NA,NA,NA,NA
628,12,2,462.384,486.84,26700.978,2,22,7.415,7.415,NA,7.415,0.025,-94.399,NA
629,12,3,452.147,472.053,27000.989,2,15,25.401,24.673,NA,17.985,0.06,-124.695,-30.296
630,12,4,449.872,470.915,27301,2,15,27.944,26.737,NA,2.543,0.008,-153.435,-28.74
631,12,5,449.872,461.815,27601.011,2,25,37.044,34.958,NA,9.1,0.03,-90,63.435
632,12,6,458.972,455.559,27901.022,2,16,48.087,38.879,NA,11.043,0.037,-34.509,55.491
633,12,7,458.972,455.559,28201.033,2,12,48.087,38.879,NA,0,0,0,34.509
634,12,8,458.972,448.735,28501.044,2,22,54.912,45.673,NA,6.825,0.023,-90,-90
635,12,9,459.541,442.478,28801.055,2,33,61.193,51.868,NA,6.282,0.021,-84.806,5.194
636,12,10,462.384,437.928,29101.066,2,15,66.559,56.308,NA,5.365,0.018,-57.995,26.811
637,12,11,465.228,415.748,29401.077,2,24,88.921,78.519,NA,22.362,0.075,-82.694,-24.7
638,12,12,465.797,413.473,29701.088,2,14,91.266,80.811,NA,2.345,0.008,-75.964,6.73
639,12,13,465.797,412.904,30001.099,2,19,91.835,81.379,NA,0.569,0.002,-90,-14.036
640,12,14,472.053,416.316,30301.11,2,20,98.961,78.447,NA,7.126,0.024,28.61,118.61
641,12,15,472.053,417.454,30601.121,2,29,100.099,77.317,NA,1.137,0.004,90,61.39
642,12,16,473.759,420.298,30901.132,2,7,103.415,74.721,NA,3.316,0.011,59.036,-30.964
643,12,17,453.284,403.235,31201.143,2,7,130.067,91.51,NA,26.652,0.089,-140.194,160.769
644,12,18,453.284,391.292,31501.154,2,14,142.01,103.395,NA,11.944,0.04,-90,50.194
645,12,19,455.559,387.311,31801.165,2,14,146.596,107.178,NA,4.585,0.015,-60.255,29.745
646,12,20,455.559,375.936,32101.176,2,24,157.971,118.528,NA,11.375,0.038,-90,-29.745
647,12,21,458.972,376.505,32401.187,2,18,161.43,117.796,NA,3.459,0.012,9.462,99.462
648,12,22,441.91,366.267,32701.198,2,18,181.328,129.685,NA,19.898,0.066,-149.036,-158.499
649,12,23,441.91,366.267,33001.208,2,4,181.328,129.685,NA,0,0,0,149.036
650,12,24,441.91,363.992,33301.219,2,17,183.603,131.93,NA,2.275,0.008,-90,-90
651,12,25,441.91,363.992,33601.23,2,17,183.603,131.93,NA,0,0,0,90
652,12,26,441.91,363.992,33901.241,2,13,183.603,131.93,NA,0,0,0,0
653,12,27,440.203,359.443,34201.252,2,10,188.462,136.697,NA,4.859,0.016,-110.556,-110.556
654,12,28,439.635,359.443,34501.263,2,17,189.031,136.793,NA,0.569,0.002,180,-69.444
655,12,29,412.335,358.305,34801.274,2,10,216.354,145.047,NA,27.323,0.091,-177.614,2.386
656,12,30,412.335,338.399,35101.285,2,11,236.26,163.849,NA,19.906,0.066,-90,87.614
657,12,31,427.691,355.461,35401.296,2,11,259.214,143.182,NA,22.955,0.077,48.013,138.013
658,12,32,423.71,357.168,35701.307,2,20,263.546,142.573,NA,4.331,0.014,156.801,108.789
659,12,33,423.141,353.755,36001.318,2,32,267.005,146.011,NA,3.459,0.012,-99.462,103.736
660,12,34,423.141,349.205,36301.329,2,28,271.555,150.393,NA,4.55,0.015,-90,9.462
661,12,35,423.141,349.205,36601.34,2,23,271.555,150.393,NA,0,0,0,90
662,12,36,415.748,349.205,36901.351,2,12,278.949,152.517,NA,7.394,0.025,180,180
663,12,37,425.985,348.068,37201.362,2,12,289.249,150.768,NA,10.3,0.034,-6.34,173.66
664,12,38,429.966,358.305,37501.373,2,45,300.233,139.874,NA,10.984,0.037,68.749,75.09
665,12,39,434.516,358.305,37801.384,2,19,304.783,138.871,NA,4.55,0.015,0,-68.749
666,12,40,433.947,350.343,38101.395,2,12,312.766,146.785,NA,7.983,0.027,-94.086,-94.086
667,12,41,433.947,350.343,38401.406,2,14,312.766,146.785,NA,0,0,0,94.086
668,12,42,433.947,350.343,38701.417,2,14,312.766,146.785,NA,0,0,0,0
669,12,43,433.947,350.343,39001.428,2,34,312.766,146.785,NA,0,0,0,0
670,12,44,433.947,357.736,39301.439,2,9,320.159,139.545,NA,7.394,0.025,90,90
671,12,45,442.478,357.736,39601.45,2,8,328.691,138.024,NA,8.531,0.028,0,-90
672,13,1,550.539,506.746,26100.956,2,11,0,0,NA,NA,NA,NA,NA
673,13,2,543.145,498.783,26400.967,2,15,10.866,10.866,NA,10.866,0.036,-132.879,NA
674,13,3,538.026,498.783,26700.978,2,11,15.984,14.831,NA,5.119,0.017,180,-47.121
675,13,4,538.026,486.84,27000.989,2,31,27.928,23.512,NA,11.944,0.04,-90,90
676,13,5,538.026,472.622,27301,2,13,42.146,36.346,NA,14.218,0.047,-90,0
677,13,6,538.026,467.503,27601.011,2,38,47.265,41.189,NA,5.119,0.017,-90,0
678,13,7,538.026,463.522,27901.022,2,14,51.246,44.999,NA,3.981,0.013,-90,0
679,13,8,532.908,463.522,28201.033,2,23,56.365,46.682,NA,5.119,0.017,180,-90
680,13,9,528.358,452.716,28501.044,2,21,68.09,58.406,NA,11.725,0.039,-112.834,67.166
681,13,10,528.358,452.716,28801.055,2,13,68.09,58.406,NA,0,0,0,112.834
682,13,11,532.908,452.716,29101.066,2,15,72.64,56.834,NA,4.55,0.015,0,0
683,13,12,532.908,453.853,29401.077,2,12,73.777,55.754,NA,1.137,0.004,90,90
684,13,13,541.439,457.834,29701.088,2,37,83.191,49.751,NA,9.414,0.031,25.017,-64.983
685,13,14,541.439,457.834,30001.099,2,17,83.191,49.751,NA,0,0,0,-25.017
686,13,15,541.439,464.09,30301.11,2,8,89.447,43.615,NA,6.256,0.021,90,90
687,13,16,540.301,473.19,30601.121,2,10,98.618,35.082,NA,9.171,0.031,97.125,7.125
688,13,17,548.264,473.19,30901.132,2,33,106.58,33.633,NA,7.962,0.027,0,-97.125
689,13,18,548.264,473.19,31201.143,2,26,106.58,33.633,NA,0,0,0,0
690,13,19,548.264,479.446,31501.154,2,20,112.837,27.394,NA,6.256,0.021,90,90
691,13,20,549.401,479.446,31801.165,2,18,113.974,27.323,NA,1.137,0.004,0,-90
692,13,21,555.089,479.446,32101.176,2,21,119.661,27.676,NA,5.687,0.019,0,0
693,13,22,555.089,473.759,32401.187,2,17,125.349,33.299,NA,5.687,0.019,-90,-90
694,13,23,555.089,470.915,32701.198,2,13,128.192,36.118,NA,2.844,0.009,-90,0
695,13,24,555.089,467.503,33001.208,2,12,131.605,39.506,NA,3.412,0.011,-90,0
696,13,25,548.264,467.503,33301.219,2,12,138.43,39.309,NA,6.825,0.023,180,-90
697,13,26,548.264,465.228,33601.23,2,21,140.705,41.58,NA,2.275,0.008,-90,90
698,13,27,555.089,461.247,33901.241,2,18,148.606,45.726,NA,7.901,0.026,-30.256,59.744
699,13,28,556.226,448.166,34201.252,2,12,161.736,58.855,NA,13.13,0.044,-85.03,-54.774
700,13,29,556.226,444.185,34501.263,2,32,165.717,62.819,NA,3.981,0.013,-90,-4.97
701,13,30,552.814,446.46,34801.274,2,11,169.819,60.329,NA,4.101,0.014,146.31,-123.69
702,13,31,564.188,439.635,35101.285,2,22,183.084,68.485,NA,13.265,0.044,-30.964,-177.274
703,13,32,566.463,423.71,35401.296,2,13,199.17,84.549,NA,16.086,0.054,-81.87,-50.906
704,13,33,562.482,380.486,35701.307,2,24,242.577,126.824,NA,43.407,0.145,-95.262,-13.392
705,13,34,555.657,377.073,36001.318,2,17,250.208,129.773,NA,7.63,0.025,-153.435,-58.173
706,13,35,555.657,381.055,36301.329,2,10,254.189,125.795,NA,3.981,0.013,90,-116.565
707,13,36,560.776,381.055,36601.34,2,14,259.307,126.107,NA,5.119,0.017,0,-90
708,13,37,560.776,386.173,36901.351,2,34,264.426,121.006,NA,5.119,0.017,90,90
709,13,38,560.776,386.173,37201.362,2,20,264.426,121.006,NA,0,0,0,-90
710,13,39,560.776,386.173,37501.373,2,28,264.426,121.006,NA,0,0,0,0
711,13,40,561.913,384.467,37801.384,2,18,266.477,122.807,NA,2.051,0.007,-56.31,-56.31
712,13,41,561.913,381.055,38101.395,2,20,269.889,126.205,NA,3.412,0.011,-90,-33.69
713,13,42,565.326,379.348,38401.406,2,29,273.704,128.253,NA,3.815,0.013,-26.565,63.435
714,13,43,565.326,373.661,38701.417,2,88,279.392,133.904,NA,5.687,0.019,-90,-63.435
715,13,44,565.326,373.661,39001.428,2,35,279.392,133.904,NA,0,0,0,90
716,13,45,570.444,374.799,39301.439,2,58,284.635,133.44,NA,5.244,0.017,12.529,12.529
717,13,46,570.444,376.505,39601.45,2,52,286.341,131.753,NA,1.706,0.006,90,77.471
718,13,47,572.719,376.505,39901.461,2,177,288.616,132.116,NA,2.275,0.008,0,-90
719,13,48,573.288,376.505,40201.472,2,40,289.185,132.213,NA,0.569,0.002,0,0
720,13,49,574.426,376.505,40501.483,2,24,290.323,132.413,NA,1.137,0.004,0,0
721,13,50,579.544,370.249,40801.494,2,112,298.406,139.545,NA,8.083,0.027,-50.711,-50.711
722,13,51,577.269,363.992,41101.505,2,15,305.063,145.234,NA,6.657,0.022,-109.983,-59.273
723,14,1,384.467,537.458,30901.132,2,22,0,0,NA,NA,NA,NA,NA
724,14,2,377.642,537.458,31201.143,2,9,6.825,6.825,NA,6.825,0.023,180,NA
725,14,3,377.642,537.458,31501.154,2,20,6.825,6.825,NA,0,0,0,-180
726,14,4,377.642,545.989,31801.165,2,46,15.356,10.925,NA,8.531,0.028,90,90
727,14,5,350.343,527.22,32101.176,2,14,48.485,35.627,NA,33.129,0.11,-145.491,124.509
728,14,6,320.768,500.49,32401.187,2,12,88.349,73.649,NA,39.864,0.133,-137.891,7.6
729,14,7,321.337,515.277,32701.198,2,15,103.147,66.913,NA,14.798,0.049,87.797,-134.311
730,14,8,314.512,520.396,33001.208,2,10,111.678,72.006,NA,8.531,0.028,143.13,55.333
731,14,9,278.113,520.396,33301.219,2,13,148.078,107.714,NA,36.399,0.121,180,36.87
732,14,10,266.17,520.396,33601.23,2,16,160.021,119.522,NA,11.944,0.04,180,0
733,14,11,245.695,528.927,33901.241,2,42,182.202,139.034,NA,22.181,0.074,157.38,-22.62
734,14,12,225.22,523.808,34201.252,2,25,203.307,159.831,NA,21.105,0.07,-165.964,36.656
735,14,13,210.433,513.002,34501.263,2,24,221.621,175.744,NA,18.315,0.061,-143.842,22.122
736,14,14,204.177,522.102,34801.274,2,17,232.664,180.943,NA,11.043,0.037,124.509,-91.65
737,14,15,191.665,522.102,35101.285,2,14,245.176,193.413,NA,12.512,0.042,180,55.491
738,14,16,191.665,532.339,35401.296,2,18,255.414,192.87,NA,10.237,0.034,90,-90
739,14,17,199.627,532.339,35701.307,2,23,263.376,184.911,NA,7.962,0.027,0,-90
740,14,18,199.627,532.339,36001.318,2,47,263.376,184.911,NA,0,0,0,0
741,14,19,197.921,535.751,36301.329,2,32,267.191,186.554,NA,3.815,0.013,116.565,116.565
742,14,20,195.077,560.776,36601.34,2,16,292.377,190.82,NA,25.186,0.084,96.483,-20.082
743,14,21,206.452,557.932,36901.351,2,16,304.102,179.189,NA,11.725,0.039,-14.036,-110.519
744,14,22,201.902,560.207,37201.362,2,32,309.189,183.977,NA,5.087,0.017,153.435,167.471
745,14,23,201.333,565.895,37501.373,2,57,314.904,185.328,NA,5.716,0.019,95.711,-57.724
746,14,24,204.177,565.895,37801.384,2,33,317.748,182.519,NA,2.844,0.009,0,-95.711
747,14,25,204.177,567.032,38101.395,2,44,318.886,182.7,NA,1.137,0.004,90,90
748,14,26,208.727,569.307,38401.406,2,24,323.973,178.603,NA,5.087,0.017,26.565,-63.435
749,14,27,208.727,569.307,38701.417,2,28,323.973,178.603,NA,0,0,0,-26.565
750,14,28,211.571,569.307,39001.428,2,20,326.816,175.805,NA,2.844,0.009,0,0
751,14,29,211.571,573.857,39301.439,2,37,331.366,176.686,NA,4.55,0.015,90,90
752,14,30,214.983,573.857,39601.45,2,21,334.779,173.349,NA,3.412,0.011,0,-90
753,15,1,187.684,580.682,19800.725,2,18,0,0,NA,NA,NA,NA,NA
754,15,2,173.465,576.701,20100.736,2,18,14.765,14.765,NA,14.765,0.049,-164.358,NA
755,15,3,163.797,572.719,20400.747,2,14,25.221,25.179,NA,10.456,0.035,-157.62,6.738
756,15,4,158.678,572.151,20700.758,2,46,30.372,30.234,NA,5.15,0.017,-173.66,-16.04
757,15,5,156.403,575.563,21000.769,2,16,34.473,31.697,NA,4.101,0.014,123.69,-62.65
758,15,6,146.734,568.738,21300.78,2,15,46.307,42.655,NA,11.835,0.039,-144.782,91.528
759,15,7,142.185,559.07,21600.791,2,8,56.993,50.371,NA,10.686,0.036,-115.201,29.581
760,15,8,121.71,548.264,21900.802,2,33,80.144,73.508,NA,23.151,0.077,-152.176,-36.975
761,15,9,111.473,540.301,22200.813,2,24,93.114,86.248,NA,12.969,0.043,-142.125,10.051
762,15,10,102.942,530.633,22500.824,2,32,106.008,98.418,NA,12.894,0.043,-131.424,10.701
763,15,11,94.411,544.851,22800.835,2,8,122.589,99.918,NA,16.581,0.055,120.964,-107.613
764,15,12,81.33,544.851,23100.846,2,46,135.67,112.227,NA,13.081,0.044,180,59.036
765,15,13,75.073,544.851,23400.857,2,50,141.926,118.173,NA,6.256,0.021,180,0
766,15,14,68.817,539.733,23700.868,2,19,150.01,125.722,NA,8.083,0.027,-140.711,39.289
767,15,15,40.949,530.633,24000.879,2,28,179.326,155.035,NA,29.316,0.098,-161.917,-21.206
768,15,16,21.043,514.708,24300.89,2,8,204.818,179.225,NA,25.492,0.085,-141.34,20.576
769,15,17,15.356,501.627,24600.901,2,12,219.082,189.596,NA,14.264,0.048,-113.499,27.842
770,15,18,14.218,497.646,24900.912,2,18,223.222,192.315,NA,4.14,0.014,-105.945,7.553
771,15,19,14.218,497.646,25200.923,2,14,223.222,192.315,NA,0,0,0,105.945
772,15,20,14.218,497.646,25500.934,2,26,223.222,192.315,NA,0,0,0,0
773,15,21,9.1,491.959,25800.945,2,33,230.874,199.409,NA,7.652,0.026,-131.987,-131.987
774,16,1,356.03,543.714,37801.384,2,10,0,0,NA,NA,NA,NA,NA
775,16,2,348.068,543.714,38101.395,2,7,7.962,7.962,NA,7.962,0.027,180,NA
776,16,3,315.081,543.714,38401.406,2,8,40.949,40.949,NA,32.987,0.11,180,0
777,16,4,269.582,535.751,38701.417,2,14,87.14,86.814,NA,46.191,0.154,-170.074,9.926
778,16,5,266.17,519.827,39001.428,2,15,103.426,92.981,NA,16.286,0.054,-102.095,67.979
779,16,6,266.17,513.002,39301.439,2,7,110.251,94.964,NA,6.825,0.023,-90,12.095
780,16,7,266.17,525.514,39601.45,2,21,122.763,91.685,NA,12.512,0.042,90,180
781,16,8,250.245,509.589,39901.461,2,7,145.284,111.153,NA,22.521,0.075,-135,135
782,16,9,247.97,494.802,40201.472,2,18,160.245,118.614,NA,14.961,0.05,-98.746,36.254
783,16,10,229.77,474.328,40501.483,2,34,187.639,144.069,NA,27.394,0.091,-131.634,-32.887
784,16,11,228.633,453.853,40801.494,2,25,208.145,155.901,NA,20.506,0.068,-93.18,38.454
785,16,12,224.083,437.928,41101.505,2,18,224.707,169.117,NA,16.562,0.055,-105.945,-12.766
786,16,13,210.433,425.416,41401.516,2,25,243.224,187.597,NA,18.517,0.062,-137.49,-31.544
787,16,14,210.433,425.416,41701.527,2,22,243.224,187.597,NA,0,0,0,137.49
788,16,15,194.508,422.004,42001.538,2,24,259.51,202.244,NA,16.286,0.054,-167.905,-167.905
789,16,16,164.934,401.529,42301.549,2,17,295.48,238.189,NA,35.97,0.12,-145.305,22.6
790,16,17,149.009,368.542,42601.56,2,20,332.11,271.187,NA,36.63,0.122,-115.769,29.536
791,16,18,133.085,337.831,42901.571,2,45,366.705,303.468,NA,34.595,0.115,-117.408,-1.638
792,16,19,129.672,319.631,43201.582,2,13,385.222,318.514,NA,18.517,0.062,-100.62,16.788
793,16,20,135.36,294.606,43501.593,2,73,410.884,332.791,NA,25.663,0.086,-77.196,23.424
794,16,21,135.36,279.819,43801.604,2,19,425.671,344,NA,14.787,0.049,-90,-12.804
795,16,22,135.36,251.382,44101.615,2,8,454.108,366.269,NA,28.437,0.095,-90,0
796,16,23,144.46,234.32,44401.626,2,34,473.445,374.815,NA,19.337,0.064,-61.928,28.072
797,16,24,162.659,201.333,44701.637,2,34,511.12,393.213,NA,37.674,0.126,-61.113,0.814
798,16,25,163.797,197.921,45001.648,2,14,514.717,395.634,NA,3.597,0.012,-71.565,-10.452
799,16,26,163.797,176.309,45301.659,2,28,536.329,414.657,NA,21.612,0.072,-90,-18.435
800,16,27,155.834,159.247,45601.67,2,16,555.157,433.467,NA,18.829,0.063,-115.017,-25.017
801,16,28,131.947,152.422,45901.681,2,9,580,450.913,NA,24.843,0.083,-164.055,-49.038
802,16,29,147.872,147.872,46201.692,2,35,596.562,447.237,NA,16.562,0.055,-15.945,148.109
803,16,30,139.91,137.635,46501.703,2,13,609.531,460.009,NA,12.969,0.043,-127.875,-111.93
804,16,31,133.085,135.36,46801.714,2,10,616.726,465.25,NA,7.194,0.024,-161.565,-33.69
805,16,32,133.085,118.298,47101.725,2,31,633.788,480.295,NA,17.062,0.057,-90,71.565
806,16,33,129.672,122.847,47401.736,2,10,639.475,477.877,NA,5.687,0.019,126.87,-143.13
807,16,34,134.222,120.573,47701.747,2,35,644.562,477.752,NA,5.087,0.017,-26.565,-153.435
808,16,35,126.26,122.847,48001.758,2,11,652.843,479.503,NA,8.281,0.028,164.055,-169.38
809,16,36,85.311,122.847,48301.769,2,69,693.792,500.417,NA,40.949,0.136,180,15.945
810,16,37,85.311,121.71,48601.78,2,42,694.93,501.374,NA,1.137,0.004,-90,90
811,16,38,84.173,129.672,48901.791,2,15,702.973,495.315,NA,8.043,0.027,98.13,-171.87
812,16,39,62.561,123.985,49201.802,2,10,725.321,512.149,NA,22.348,0.074,-165.256,96.613
813,16,40,39.812,83.036,49501.813,2,12,772.165,558.765,NA,46.844,0.156,-119.055,46.202
814,16,41,39.812,78.486,49801.824,2,16,776.715,562.522,NA,4.55,0.015,-90,29.055
815,16,42,40.949,78.486,50101.835,2,11,777.852,561.883,NA,1.137,0.004,0,90
816,16,43,40.949,65.974,50401.846,2,19,790.364,572.286,NA,12.512,0.042,-90,-90
817,16,44,31.849,62.561,50701.857,2,6,800.083,580.173,NA,9.719,0.032,-159.444,-69.444
818,16,45,13.65,58.011,51001.868,2,19,818.843,594.248,NA,18.76,0.063,-165.964,-6.52
819,17,1,365.13,341.243,35401.296,2,11,0,0,NA,NA,NA,NA,NA
820,17,2,352.618,338.968,35701.307,2,6,12.717,12.717,NA,12.717,0.042,-169.695,NA
821,17,3,342.38,338.968,36001.318,2,15,22.955,22.863,NA,10.237,0.034,180,-10.305
822,17,4,342.38,348.068,36301.329,2,16,32.054,23.751,NA,9.1,0.03,90,-90
823,17,5,317.356,348.068,36601.34,2,11,57.079,48.259,NA,25.024,0.083,180,90
824,17,6,300.294,332.143,36901.351,2,13,80.418,65.472,NA,23.339,0.078,-136.975,43.025
825,17,7,292.331,319.631,37201.362,2,21,95.249,75.939,NA,14.831,0.049,-122.471,14.504
826,17,8,275.269,317.356,37501.373,2,17,112.462,92.981,NA,17.213,0.057,-172.405,-49.934
827,17,9,244.557,301.431,37801.384,2,15,147.057,126.975,NA,34.595,0.115,-152.592,19.813
828,17,10,233.183,274.132,38101.395,2,8,176.631,148.034,NA,29.574,0.099,-112.62,39.973
829,17,11,245.695,284.369,38401.406,2,17,192.798,132.285,NA,16.167,0.054,39.289,151.909
830,17,12,243.42,284.369,38701.417,2,27,195.073,134.343,NA,2.275,0.008,180,140.711
831,17,13,249.107,284.369,39001.428,2,7,200.76,129.213,NA,5.687,0.019,0,-180
832,17,14,249.107,284.369,39301.439,2,39,200.76,129.213,NA,0,0,0,0
833,17,15,246.832,266.17,39601.45,2,19,219.102,140.108,NA,18.341,0.061,-97.125,-97.125
834,17,16,246.832,254.795,39901.461,2,14,230.476,146.518,NA,11.375,0.038,-90,7.125
835,17,17,253.657,255.932,40201.472,2,10,237.395,140.371,NA,6.919,0.023,9.462,99.462
836,17,18,247.97,255.932,40501.483,2,23,243.083,144.929,NA,5.687,0.019,180,170.538
837,17,19,250.245,262.757,40801.494,2,14,250.277,139.135,NA,7.194,0.024,71.565,-108.435
838,17,20,250.245,271.857,41101.505,2,16,259.377,134.213,NA,9.1,0.03,90,18.435
839,17,21,258.207,271.857,41401.516,2,30,267.339,127.463,NA,7.962,0.027,0,-90
840,17,22,258.207,271.857,41701.527,2,21,267.339,127.463,NA,0,0,0,0
841,17,23,259.345,271.857,42001.538,2,32,268.476,126.511,NA,1.137,0.004,0,0
842,17,24,257.07,272.994,42301.549,2,25,271.02,127.808,NA,2.543,0.008,153.435,153.435
843,17,25,253.657,272.994,42601.56,2,32,274.432,130.706,NA,3.412,0.011,180,26.565
844,17,26,247.97,272.994,42901.571,2,30,280.12,135.589,NA,5.687,0.019,180,0
845,17,27,247.97,272.994,43201.582,2,14,280.12,135.589,NA,0,0,0,-180
846,17,28,247.97,272.994,43501.593,2,28,280.12,135.589,NA,0,0,0,0
847,17,29,247.97,275.269,43801.604,2,27,282.395,134.458,NA,2.275,0.008,90,90
848,17,30,247.97,275.269,44101.615,2,25,282.395,134.458,NA,0,0,0,-90
849,17,31,247.97,275.269,44401.626,2,12,282.395,134.458,NA,0,0,0,0
850,17,32,247.97,285.507,44701.637,2,14,292.632,129.742,NA,10.237,0.034,90,90
851,17,33,247.97,285.507,45001.648,2,28,292.632,129.742,NA,0,0,0,-90
852,17,34,247.97,284.369,45301.659,2,13,293.769,130.235,NA,1.137,0.004,-90,-90
853,17,35,245.695,280.957,45601.67,2,7,297.871,133.788,NA,4.101,0.014,-123.69,-33.69
854,17,36,245.695,286.644,45901.681,2,15,303.558,131.323,NA,5.687,0.019,90,-146.31
855,17,37,245.695,286.644,46201.692,2,14,303.558,131.323,NA,0,0,0,-90
856,17,38,252.52,286.644,46501.703,2,7,310.383,125.148,NA,6.825,0.023,0,0
857,17,39,252.52,268.444,46801.714,2,10,328.583,134.092,NA,18.2,0.061,-90,-90
858,17,40,252.52,260.482,47101.725,2,3,336.545,138.576,NA,7.962,0.027,-90,0
859,17,41,227.495,197.921,47401.736,2,36,403.925,198.707,NA,67.38,0.225,-111.801,-21.801
860,17,42,232.045,194.508,47701.747,2,60,409.613,198.097,NA,5.687,0.019,-36.87,74.932
861,17,43,245.695,184.271,48001.758,2,14,426.675,197.243,NA,17.062,0.057,-36.87,0
862,17,44,245.695,177.446,48301.769,2,12,433.5,202.717,NA,6.825,0.023,-90,-53.13
863,17,45,244.557,166.072,48601.78,2,12,444.931,212.656,NA,11.431,0.038,-95.711,-5.711
864,17,46,225.22,117.16,48901.791,2,15,497.526,264.174,NA,52.595,0.175,-111.571,-15.861
865,17,47,241.145,114.885,49201.802,2,10,513.613,258.089,NA,16.086,0.054,-8.13,103.441
866,17,48,241.145,114.885,49501.813,2,6,513.613,258.089,NA,0,0,0,8.13
867,17,49,284.369,118.298,49801.824,2,10,556.971,237.122,NA,43.359,0.145,4.514,4.514
868,17,50,295.744,112.61,50101.835,2,9,569.689,238.93,NA,12.717,0.042,-26.565,-31.079
869,17,51,303.706,112.61,50401.846,2,10,577.651,236.74,NA,7.962,0.027,0,26.565
870,17,52,310.531,119.435,50701.857,2,25,587.303,228.429,NA,9.652,0.032,45,45
871,17,53,312.806,119.435,51001.868,2,10,589.578,227.896,NA,2.275,0.008,0,-45
872,17,54,334.418,119.435,51301.879,2,12,611.19,223.924,NA,21.612,0.072,0,0
873,17,55,340.105,119.435,51601.89,2,6,616.877,223.215,NA,5.687,0.019,0,0
874,18,1,296.881,519.827,44401.626,2,29,0,0,NA,NA,NA,NA,NA
875,18,2,288.919,516.414,44701.637,2,76,8.663,8.663,NA,8.663,0.029,-156.801,NA
876,18,3,275.269,498.215,45001.648,2,7,31.412,30.564,NA,22.75,0.076,-126.87,29.932
877,18,4,284.369,476.603,45301.659,2,14,54.862,44.999,NA,23.45,0.078,-67.166,59.704
878,18,5,291.194,464.09,45601.67,2,14,69.115,56.026,NA,14.253,0.048,-61.39,5.777
879,18,6,291.194,451.578,45901.681,2,30,81.627,68.485,NA,12.512,0.042,-90,-28.61
880,18,7,279.819,415.179,46201.692,2,17,119.762,106.03,NA,38.135,0.127,-107.354,-17.354
881,18,8,266.17,408.354,46501.703,2,28,135.023,115.626,NA,15.261,0.051,-153.435,-46.081
882,18,9,260.482,398.117,46801.714,2,24,146.734,127.036,NA,11.711,0.039,-119.055,34.38
883,18,10,265.032,379.917,47101.725,2,15,165.494,143.489,NA,18.76,0.063,-75.964,43.091
884,18,11,282.094,365.13,47401.736,2,19,188.072,155.402,NA,22.578,0.075,-40.914,35.049
885,18,12,293.469,366.267,47701.747,2,23,199.503,153.597,NA,11.431,0.038,5.711,46.625
886,18,13,299.156,361.718,48001.758,2,10,206.787,158.126,NA,7.283,0.024,-38.66,-44.37
887,18,14,293.469,361.718,48301.769,2,17,212.474,158.146,NA,5.687,0.019,180,-141.34
888,18,15,304.844,353.755,48601.78,2,6,226.359,166.262,NA,13.885,0.046,-34.992,145.008
889,18,16,300.294,342.38,48901.791,2,12,238.61,177.479,NA,12.251,0.041,-111.801,-76.809
890,18,17,294.606,331.006,49201.802,2,36,251.327,188.835,NA,12.717,0.042,-116.565,-4.764
891,18,18,287.782,317.356,49501.813,2,69,266.588,202.675,NA,15.261,0.051,-116.565,0
892,18,19,270.719,316.218,49801.824,2,25,283.688,205.282,NA,17.1,0.057,-176.186,-59.621
893,18,20,255.932,310.531,50101.835,2,25,299.531,213.264,NA,15.843,0.053,-158.962,17.223
894,18,21,255.932,299.156,50401.846,2,53,310.906,224.438,NA,11.375,0.038,-90,68.962
895,18,22,249.107,270.719,50701.857,2,10,340.15,253.647,NA,29.244,0.097,-103.496,-13.496
896,18,23,219.533,234.32,51001.868,2,9,387.05,295.799,NA,46.899,0.156,-129.094,-25.598
897,18,24,204.746,234.32,51301.879,2,60,401.837,300.005,NA,14.787,0.049,180,-50.906
898,18,25,192.234,225.22,51601.89,2,16,417.308,312.641,NA,15.471,0.052,-143.973,36.027
899,18,26,192.234,225.22,51901.901,2,14,417.308,312.641,NA,0,0,0,143.973
900,18,27,192.234,225.22,52201.912,2,7,417.308,312.641,NA,0,0,0,0
901,18,28,191.096,209.296,52501.923,2,7,433.274,328.055,NA,15.965,0.053,-94.086,-94.086
902,18,29,166.072,195.646,52801.934,2,8,461.779,349.577,NA,28.505,0.095,-151.39,-57.304
903,18,30,133.085,189.959,53101.945,2,12,495.252,368.297,NA,33.474,0.112,-170.218,-18.828
904,18,31,109.198,167.209,53401.956,2,22,528.239,399.455,NA,32.987,0.11,-136.397,33.82
905,18,32,109.198,154.697,53701.967,2,37,540.751,410.542,NA,12.512,0.042,-90,46.397
906,18,33,122.847,129.672,54001.978,2,28,569.256,427.21,NA,28.505,0.095,-61.39,28.61
907,18,34,126.26,81.898,54301.989,2,14,617.152,469.993,NA,47.896,0.16,-85.914,-24.525
908,18,35,114.885,72.798,54602,2,5,631.719,482.656,NA,14.567,0.049,-141.34,-55.426
909,18,36,114.885,72.798,54902.01,2,7,631.719,482.656,NA,0,0,0,141.34
910,18,37,136.497,59.149,55202.021,2,10,657.28,487.798,NA,25.562,0.085,-32.276,-32.276
911,18,38,136.497,36.399,55502.032,2,26,680.03,509.338,NA,22.75,0.076,-90,-57.724
912,18,39,135.36,29.574,55802.043,2,16,686.949,516.175,NA,6.919,0.023,-99.462,-9.462
913,18,40,133.085,29.574,56102.054,2,9,689.224,516.891,NA,2.275,0.008,180,-80.538
914,18,41,133.085,9.1,56402.065,2,38,709.699,536.35,NA,20.475,0.068,-90,90
915,19,1,571.013,412.904,53701.967,2,19,0,0,NA,NA,NA,NA,NA
916,19,2,566.463,407.217,54001.978,2,41,7.283,7.283,NA,7.283,0.024,-128.66,NA
917,19,3,560.776,385.605,54301.989,2,11,29.631,29.156,NA,22.348,0.074,-104.744,23.916
918,19,4,551.676,358.305,54602,2,25,58.407,57.922,NA,28.776,0.096,-108.435,-3.691
919,19,5,535.751,346.93,54902.01,2,11,77.977,74.806,NA,19.57,0.065,-144.462,-36.027
920,19,6,520.964,346.93,55202.021,2,27,92.764,82.81,NA,14.787,0.049,180,-35.538
921,19,7,517.552,338.968,55502.032,2,7,101.427,91.24,NA,8.663,0.029,-113.199,66.801
922,19,8,493.665,326.456,55802.043,2,9,128.393,116,NA,26.966,0.09,-152.354,-39.155
923,19,9,491.39,313.944,56102.054,2,6,141.11,127.016,NA,12.717,0.042,-100.305,52.049
924,19,10,474.328,293.469,56402.065,2,12,167.762,153.665,NA,26.652,0.089,-129.806,-29.501
925,19,11,461.815,286.644,56702.076,2,12,182.015,166.93,NA,14.253,0.048,-151.39,-21.584
926,19,12,461.815,266.17,57002.087,2,6,202.489,182.908,NA,20.475,0.068,-90,61.39
927,19,13,466.365,249.107,57302.098,2,11,220.148,194.372,NA,17.658,0.059,-75.069,14.931
928,19,14,466.365,237.733,57602.109,2,9,231.522,204.049,NA,11.375,0.038,-90,-14.931
929,19,15,468.64,222.945,57902.12,2,9,246.484,215.788,NA,14.961,0.05,-81.254,8.746
930,19,16,472.053,208.158,58202.131,2,25,261.659,227.407,NA,15.176,0.051,-77.005,4.248
931,19,17,457.266,180.859,58502.142,2,7,292.707,258.425,NA,31.047,0.103,-118.443,-41.438
932,19,18,443.616,158.109,58802.153,2,13,319.237,284.869,NA,26.53,0.088,-120.964,-2.521
933,19,19,416.316,156.972,59102.164,2,6,346.56,299.053,NA,27.323,0.091,-177.614,-56.65
934,19,20,404.942,135.36,59402.175,2,15,370.983,323.436,NA,24.423,0.081,-117.759,59.856
935,19,21,399.254,116.023,59702.186,2,8,391.139,342.986,NA,20.156,0.067,-106.39,11.369
936,19,22,400.392,100.098,60002.197,2,12,407.104,356.314,NA,15.965,0.053,-85.914,20.475
937,20,1,569.876,448.166,46201.692,2,18,0,0,NA,NA,NA,NA,NA
938,20,2,556.226,433.379,46501.703,2,20,20.124,20.124,NA,20.124,0.067,-132.709,NA
939,20,3,550.539,420.866,46801.714,2,13,33.868,33.454,NA,13.744,0.046,-114.444,18.265
940,20,4,556.226,424.279,47101.725,2,15,40.501,27.512,NA,6.633,0.022,30.964,145.408
941,20,5,553.951,420.866,47401.736,2,22,44.602,31.605,NA,4.101,0.014,-123.69,-154.654
942,20,6,552.814,420.866,47701.747,2,27,45.739,32.193,NA,1.137,0.004,180,-56.31
943,20,7,549.401,400.392,48001.758,2,18,66.496,51.977,NA,20.757,0.069,-99.462,80.538
944,20,8,527.789,378.78,48301.769,2,16,97.061,81.152,NA,30.564,0.102,-135,-35.538
945,20,9,473.19,362.855,48601.78,2,13,153.934,128.942,NA,56.874,0.19,-163.74,-28.74
946,20,10,478.878,359.443,48901.791,2,8,160.567,127.092,NA,6.633,0.022,-30.964,132.776
947,20,11,478.878,354.893,49201.802,2,13,165.117,130.309,NA,4.55,0.015,-90,-59.036
948,20,12,472.053,354.893,49501.813,2,7,171.942,135.164,NA,6.825,0.023,180,-90
949,20,13,464.09,354.893,49801.824,2,5,179.904,141.033,NA,7.962,0.027,180,0
950,20,14,445.891,348.068,50101.835,2,10,199.341,159.348,NA,19.437,0.065,-159.444,20.556
951,20,15,415.179,365.13,50401.846,2,5,234.474,175.573,NA,35.133,0.117,150.945,-49.611
952,20,16,407.217,356.03,50701.857,2,14,246.566,186.941,NA,12.092,0.04,-131.186,77.869
953,20,17,399.254,350.343,51001.868,2,10,256.351,196.675,NA,9.785,0.033,-144.462,-13.276
954,20,18,399.254,350.343,51301.879,2,12,256.351,196.675,NA,0,0,0,144.462
955,20,19,387.88,342.38,51601.89,2,14,270.236,210.507,NA,13.885,0.046,-145.008,-145.008
956,20,20,395.842,325.318,51901.901,2,5,289.064,213.024,NA,18.829,0.063,-64.983,80.025
957,20,21,377.642,285.507,52201.912,2,41,332.838,251.817,NA,43.774,0.146,-114.567,-49.584
958,20,22,343.518,255.932,52501.923,2,16,377.995,296.971,NA,45.157,0.151,-139.086,-24.518
959,20,23,341.243,221.808,52801.934,2,11,412.195,321.731,NA,34.2,0.114,-93.814,45.272
960,20,24,353.755,210.433,53101.945,2,7,429.105,321.286,NA,16.91,0.056,-42.274,51.54
961,20,25,359.443,203.608,53401.956,2,7,437.989,322.631,NA,8.884,0.03,-50.194,-7.921
962,20,26,358.305,192.234,53701.967,2,11,449.42,332.059,NA,11.431,0.038,-95.711,-45.516
963,20,27,356.03,186.546,54001.978,2,18,455.546,337.898,NA,6.125,0.02,-111.801,-16.091
964,20,28,356.03,171.759,54301.989,2,8,470.333,349.472,NA,14.787,0.049,-90,21.801
965,20,29,370.817,138.772,54602,2,8,506.483,367.898,NA,36.15,0.12,-65.854,24.146
966,20,30,379.917,102.373,54902.01,2,3,544.002,394.534,NA,37.519,0.125,-75.964,-10.109
967,21,1,63.699,574.426,59402.175,2,35,0,0,NA,NA,NA,NA,NA
968,21,2,73.936,560.776,59702.186,2,16,17.062,17.062,NA,17.062,0.057,-53.13,NA
969,21,3,80.761,560.776,60002.197,2,13,23.887,21.85,NA,6.825,0.023,0,53.13
970,21,4,86.448,560.776,60302.208,2,19,29.574,26.53,NA,5.687,0.019,0,0
971,21,5,90.998,547.126,60602.219,2,10,43.962,38.607,NA,14.388,0.048,-71.565,-71.565
972,21,6,104.648,532.339,60902.23,2,64,64.086,58.721,NA,20.124,0.067,-47.291,24.274
973,21,7,104.648,514.139,61202.241,2,16,82.286,72.878,NA,18.2,0.061,-90,-42.709
974,21,8,96.686,498.215,61502.252,2,24,100.09,83.044,NA,17.804,0.059,-116.565,-26.565
975,21,9,106.923,465.228,61802.263,2,18,134.629,117.441,NA,34.539,0.115,-72.759,43.807
976,21,10,121.71,459.541,62102.274,2,8,150.472,128.701,NA,15.843,0.053,-21.038,51.721
977,21,11,147.872,451.578,62402.285,2,29,177.819,148.918,NA,27.347,0.091,-16.928,4.11
978,21,12,174.034,451.578,62702.296,2,46,203.981,165.122,NA,26.162,0.087,0,16.928
979,21,13,199.058,440.203,63002.307,2,39,231.47,190.625,NA,27.488,0.092,-24.444,-24.444
980,21,14,222.945,429.966,63302.318,2,10,257.458,215.007,NA,25.988,0.087,-23.199,1.245
981,21,15,275.269,435.654,63602.329,2,28,310.09,253.021,NA,52.632,0.175,6.203,29.402
982,21,16,295.744,418.591,63902.34,2,6,336.742,279.516,NA,26.652,0.089,-39.806,-46.009
983,21,17,318.493,411.767,64202.351,2,15,360.493,302.289,NA,23.751,0.079,-16.699,23.106
984,21,18,312.806,375.367,64502.362,2,6,397.334,318.871,NA,36.841,0.123,-98.881,-82.181
985,21,19,320.768,366.267,64802.373,2,26,409.426,330.779,NA,12.092,0.04,-48.814,50.067
986,21,20,320.768,360.58,65102.384,2,7,415.113,334.387,NA,5.687,0.019,-90,-41.186
987,21,21,307.119,343.518,65402.395,2,6,436.963,335.517,NA,21.85,0.073,-128.66,-38.66
988,21,22,307.119,327.593,65702.406,2,12,452.888,346.669,NA,15.925,0.053,-90,38.66
989,21,23,307.119,327.593,66002.417,2,8,452.888,346.669,NA,0,0,0,90
990,21,24,298.019,327.593,66302.428,2,5,461.988,340.341,NA,9.1,0.03,180,180
991,21,25,296.881,313.944,66602.439,2,12,475.685,349.607,NA,13.697,0.046,-94.764,85.236
992,21,26,291.194,304.844,66902.45,2,7,486.416,352.744,NA,10.731,0.036,-122.005,-27.242
993,21,27,291.194,286.644,67202.461,2,12,504.615,366.841,NA,18.2,0.061,-90,32.005
994,21,28,288.919,266.17,67502.472,2,26,525.216,381.767,NA,20.601,0.069,-96.34,-6.34
995,21,29,279.819,254.795,67802.483,2,10,539.783,385.839,NA,14.567,0.049,-128.66,-32.32
996,21,30,258.207,240.008,68102.494,2,13,565.969,386.871,NA,26.187,0.087,-145.62,-16.96
997,21,31,247.97,234.32,68402.505,2,23,577.68,386.817,NA,11.711,0.039,-150.945,-5.326
998,21,32,237.733,210.433,68702.516,2,15,603.669,403.458,NA,25.988,0.087,-113.199,37.747
999,21,33,221.808,197.921,69002.527,2,19,623.921,408.356,NA,20.252,0.068,-141.843,-28.644
1000,21,34,217.258,163.797,69302.538,2,8,658.347,438.402,NA,34.426,0.115,-97.595,44.248
1001,21,35,214.983,146.734,69602.549,2,37,675.56,453.659,NA,17.213,0.057,-97.595,0
1002,21,36,214.983,138.772,69902.56,2,4,683.523,461.173,NA,7.962,0.027,-90,7.595
1003,21,37,214.983,114.885,70202.571,2,15,707.41,483.802,NA,23.887,0.08,-90,0
1004,21,38,202.471,80.761,70502.582,2,9,743.755,512.799,NA,36.346,0.121,-110.136,-20.136
1005,21,39,191.096,73.936,70802.593,2,17,757.021,516.449,NA,13.265,0.044,-149.036,-38.9
1006,21,40,177.446,69.386,71102.604,2,13,771.409,517.691,NA,14.388,0.048,-161.565,-12.529
1007,21,41,167.209,40.949,71402.615,2,9,801.632,543.426,NA,30.224,0.101,-109.799,51.766
1008,21,42,153.559,25.024,71702.626,2,15,822.606,556.702,NA,20.974,0.07,-130.601,-20.802
1009,21,43,163.797,11.375,72002.637,2,13,839.668,571.879,NA,17.062,0.057,-53.13,77.471
1010,22,1,100.098,576.701,66302.428,2,32,0,0,NA,NA,NA,NA,NA
1011,22,2,94.411,564.188,66602.439,2,10,13.744,13.744,NA,13.744,0.046,-114.444,NA
1012,22,3,112.61,525.514,66902.45,2,47,56.487,52.694,NA,42.742,0.142,-64.799,49.645
1013,22,4,117.16,497.077,67202.461,2,23,85.285,81.431,NA,28.799,0.096,-80.91,-16.111
1014,22,5,117.16,470.915,67502.472,2,14,111.447,107.152,NA,26.162,0.087,-90,-9.09
1015,22,6,116.023,449.303,67802.483,2,37,133.089,128.389,NA,21.642,0.072,-93.013,-3.013
1016,22,7,104.648,422.004,68102.494,2,39,162.664,154.764,NA,29.574,0.099,-112.62,-19.607
1017,22,8,85.311,411.767,68402.505,2,31,184.543,165.596,NA,21.88,0.073,-152.103,-39.483
1018,22,9,42.087,370.817,68702.516,2,21,244.085,213.9,NA,59.541,0.198,-136.548,15.555
1019,22,10,25.024,341.243,69002.527,2,27,278.228,247.136,NA,34.143,0.114,-119.982,16.567
1020,22,11,21.612,317.356,69302.538,2,13,302.357,270.961,NA,24.13,0.08,-98.13,21.852
1021,22,12,21.612,304.844,69602.549,2,10,314.87,282.96,NA,12.512,0.042,-90,8.13
1022,22,13,21.612,304.844,69902.56,2,20,314.87,282.96,NA,0,0,0,90
1023,22,14,21.612,304.844,70202.571,2,22,314.87,282.96,NA,0,0,0,0
1024,22,15,4.55,301.431,70502.582,2,12,332.27,291.381,NA,17.4,0.058,-168.69,-168.69
1025,22,16,4.55,280.957,70802.593,2,33,352.744,310.796,NA,20.475,0.068,-90,78.69
1026,22,17,19.337,243.42,71102.604,2,27,393.089,342.926,NA,40.344,0.134,-68.499,21.501
1027,22,18,32.987,235.458,71402.615,2,19,408.891,347.78,NA,15.802,0.053,-30.256,38.242
1028,22,19,61.424,236.595,71702.626,2,24,437.351,342.297,NA,28.46,0.095,2.291,32.547
1029,22,20,70.524,236.595,72002.637,2,12,446.45,341.389,NA,9.1,0.03,0,-2.291
1030,22,21,70.524,233.183,72302.648,2,10,449.863,344.789,NA,3.412,0.011,-90,-90
1031,22,22,113.748,197.921,72602.659,2,11,505.646,379.026,NA,55.783,0.186,-39.207,50.793
1032,22,23,127.397,185.409,72902.67,2,8,524.162,392.243,NA,18.517,0.062,-42.51,-3.303
1033,22,24,127.397,162.659,73202.681,2,16,546.912,414.94,NA,22.75,0.076,-90,-47.49
1034,22,25,127.397,121.71,73502.692,2,21,587.861,455.809,NA,40.949,0.136,-90,0
1035,22,26,127.397,111.473,73802.703,2,8,598.098,466.028,NA,10.237,0.034,-90,0
1036,22,27,127.397,88.723,74102.714,2,12,620.848,488.74,NA,22.75,0.076,-90,0
1037,22,28,129.672,77.348,74402.725,2,9,632.448,500.227,NA,11.6,0.039,-78.69,11.31
1038,22,29,146.734,37.537,74702.736,2,13,675.762,541.177,NA,43.314,0.144,-66.801,11.889
1039,22,30,147.872,20.475,75002.747,2,9,692.862,558.274,NA,17.1,0.057,-86.186,-19.385
1040,23,1,461.815,574.426,63902.34,2,11,0,0,NA,NA,NA,NA,NA
1041,23,2,433.379,573.288,64202.351,2,21,28.46,28.46,NA,28.46,0.095,-177.709,NA
1042,23,3,410.629,573.288,64502.362,2,18,51.209,51.199,NA,22.75,0.076,180,-2.291
1043,23,4,401.529,550.539,64802.373,2,34,75.711,64.846,NA,24.502,0.082,-111.801,68.199
1044,23,5,389.017,551.676,65102.384,2,20,88.275,76.27,NA,12.564,0.042,174.806,-73.393
1045,23,6,374.23,563.051,65402.395,2,23,106.931,88.321,NA,18.656,0.062,142.431,-32.374
1046,23,7,357.168,564.188,65702.406,2,12,124.031,105.147,NA,17.1,0.057,176.186,33.755
1047,23,8,357.168,564.188,66002.417,2,17,124.031,105.147,NA,0,0,0,-176.186
1048,23,9,336.693,556.226,66302.428,2,15,145.999,126.439,NA,21.968,0.073,-158.749,-158.749
1049,23,10,321.906,549.401,66602.439,2,9,162.286,142.13,NA,16.286,0.054,-155.225,3.525
1050,23,11,307.119,549.401,66902.45,2,38,177.073,156.708,NA,14.787,0.049,180,-24.775
1051,23,12,295.744,556.226,67202.461,2,57,190.338,167.066,NA,13.265,0.044,149.036,-30.964
1052,23,13,277.544,556.226,67502.472,2,18,208.538,185.168,NA,18.2,0.061,180,30.964
1053,23,14,270.719,541.439,67802.483,2,14,224.824,193.922,NA,16.286,0.054,-114.775,65.225
1054,23,15,254.795,544.851,68102.494,2,20,241.11,209.123,NA,16.286,0.054,167.905,-77.32
1055,23,16,247.97,511.864,68402.505,2,26,274.795,222.809,NA,33.685,0.112,-101.689,90.405
1056,23,17,247.97,497.077,68702.516,2,57,289.583,227.404,NA,14.787,0.049,-90,11.689
1057,23,18,246.832,481.153,69002.527,2,18,305.548,234.345,NA,15.965,0.053,-94.086,-4.086
1058,23,19,250.245,449.303,69302.538,2,40,337.579,245.8,NA,32.032,0.107,-83.884,10.201
1059,23,20,246.832,440.203,69602.549,2,10,347.298,253.443,NA,9.719,0.032,-110.556,-26.672
1060,23,21,265.032,425.416,69902.56,2,19,370.748,246.835,NA,23.45,0.078,-39.094,71.462
1061,23,22,299.156,406.079,70202.571,2,10,409.97,234.091,NA,39.222,0.131,-29.539,9.555
1062,23,23,301.431,398.117,70502.582,2,22,418.251,238.344,NA,8.281,0.028,-74.055,-44.516
1063,23,24,303.706,383.33,70802.593,2,9,433.212,248.025,NA,14.961,0.05,-81.254,-7.199
1064,23,25,303.706,361.718,71102.604,2,7,454.824,265.034,NA,21.612,0.072,-90,-8.746
1065,23,26,309.394,353.755,71402.615,2,7,464.609,268.194,NA,9.785,0.033,-54.462,35.538
1066,23,27,309.394,332.143,71702.626,2,7,486.221,286.24,NA,21.612,0.072,-90,-35.538
1067,23,29,328.731,296.881,72002.637,2,12,526.437,307.803,NA,40.216,0.134,-61.26,28.74
1068,23,30,319.631,286.644,72302.648,2,20,540.134,320.99,NA,13.697,0.046,-131.634,-70.373
1069,23,31,318.493,274.132,72602.659,2,18,552.698,332.743,NA,12.564,0.042,-95.194,36.439
1070,23,32,318.493,265.032,72902.67,2,10,561.798,340.977,NA,9.1,0.03,-90,5.194
1071,24,1,548.264,395.842,65102.384,2,24,0,0,NA,NA,NA,NA,NA
1072,24,2,525.514,371.955,65402.395,2,14,32.987,32.987,NA,32.987,0.11,-133.603,NA
1073,24,3,510.727,366.267,65702.406,2,10,48.83,47.788,NA,15.843,0.053,-158.962,-25.36
1074,24,4,509.589,332.143,66002.417,2,6,82.973,74.52,NA,34.143,0.114,-91.909,67.053
1075,24,5,499.352,309.394,66302.428,2,15,107.92,99.326,NA,24.947,0.083,-114.228,-22.319
1076,24,6,497.077,300.294,66602.439,2,10,117.3,108.395,NA,9.38,0.031,-104.036,10.192
