Nr,TID,PID,x [micron],y [micron],t [sec],I [val],Len [micron],D2S [micron],D2R [micron],D2P [micron],v [micron/sec],α [deg],Δα [deg]
1,1,14,119.245,18.389,1200.043,11,0,0,NA,NA,NA,NA,NA
2,1,15,126.829,29.006,1500.054,19,13.047,13.047,NA,13.047,0.043,54.462,NA
3,1,16,136.687,37.347,1800.065,12,25.96,25.76,NA,12.914,0.043,40.236,-14.226
4,1,17,147.303,37.347,2100.076,14,36.577,33.862,NA,10.616,0.035,0,-40.236
5,1,18,156.403,37.347,2400.086,18,45.677,41.714,NA,9.1,0.03,0,0
6,1,19,157.92,39.622,2700.097,19,48.411,44.119,NA,2.734,0.009,56.31,56.31
7,1,20,180.669,61.613,3000.108,15,80.052,75.108,NA,31.641,0.105,44.029,-12.281
8,1,2,200.196,78.486,3300.119,15,105.858,100.82,NA,25.806,0.086,40.83,-3.199
9,1,3,203.608,82.467,3600.13,9,111.102,105.939,NA,5.244,0.017,49.399,8.569
10,1,4,213.277,89.861,3900.14,11,123.273,118.11,NA,12.172,0.041,37.405,-11.993
11,1,5,227.495,93.842,4200.151,9,138.039,131.951,NA,14.765,0.049,15.642,-21.763
12,1,6,246.832,93.842,4500.162,12,157.376,148.228,NA,19.337,0.064,0,-15.642
13,1,7,265.601,105.217,4800.173,10,179.322,170.173,NA,21.946,0.073,31.218,31.218
14,1,8,275.269,117.729,5100.184,10,195.134,184.964,NA,15.813,0.053,52.306,21.087
15,1,9,275.269,117.729,5400.194,6,195.134,184.964,NA,0,0,0,-52.306
16,1,10,347.499,143.512,5700.205,19,271.828,260.299,NA,76.693,0.256,19.644,19.644
17,1,11,380.865,146.545,6000.216,12,305.331,291.322,NA,33.504,0.112,5.194,-14.45
18,1,12,420.298,146.545,6300.227,12,344.764,327.195,NA,39.433,0.131,0,-5.194
19,1,13,443.047,153.37,6600.238,19,368.515,350.809,NA,23.751,0.079,16.699,16.699
20,2,1,40.38,38.864,3000.108,15,0,0,NA,NA,NA,NA,NA
21,2,2,50.239,47.964,3300.119,7,13.416,13.416,NA,13.416,0.045,42.709,NA
22,2,3,67.68,47.964,3600.13,17,30.857,28.776,NA,17.441,0.058,0,-42.709
23,2,4,67.68,47.964,3900.14,16,30.857,28.776,NA,0,0,0,0
24,2,5,69.196,60.097,4200.151,11,43.085,35.794,NA,12.228,0.041,82.875,82.875
25,2,6,76.78,60.097,4500.162,18,50.668,42.14,NA,7.583,0.025,0,-82.875
26,2,7,76.78,60.097,4800.173,9,50.668,42.14,NA,0,0,0,0
27,2,8,82.088,60.097,5100.184,9,55.976,46.801,NA,5.308,0.018,0,0
28,2,9,87.396,61.613,5400.194,10,61.497,52.23,NA,5.521,0.018,15.945,15.945
29,2,10,101.046,63.888,5700.205,30,75.335,65.624,NA,13.838,0.046,9.462,-6.483
30,2,11,114.696,66.163,6000.216,13,89.173,79.171,NA,13.838,0.046,9.462,0
31,2,12,115.454,72.988,6300.227,12,96.04,82.465,NA,6.867,0.023,83.66,74.197
32,2,13,115.454,72.988,6600.238,11,96.04,82.465,NA,0,0,0,-83.66
33,2,14,108.629,72.988,6900.248,5,102.865,76.304,NA,6.825,0.023,180,180
34,2,15,108.629,72.988,7200.259,4,102.865,76.304,NA,0,0,0,-180
35,2,16,102.562,69.955,7500.27,18,109.647,69.522,NA,6.783,0.023,-153.435,-153.435
36,2,17,102.562,69.955,7800.281,25,109.647,69.522,NA,0,0,0,153.435
37,2,18,102.562,72.23,8100.292,10,111.922,70.568,NA,2.275,0.008,90,90
38,2,19,102.562,74.505,8400.302,12,114.197,71.672,NA,2.275,0.008,90,0
39,2,20,102.562,74.505,8700.313,20,114.197,71.672,NA,0,0,0,-90
40,2,21,102.562,74.505,9000.324,23,114.197,71.672,NA,0,0,0,0
41,2,22,98.771,74.505,9300.335,9,117.989,68.408,NA,3.792,0.013,180,180
42,2,23,98.771,69.955,9600.346,23,122.539,66.152,NA,4.55,0.015,-90,90
43,2,24,113.937,61.613,9900.357,16,139.848,76.994,NA,17.309,0.058,-28.811,61.189
44,2,25,146.545,61.613,10200.367,36,172.455,108.575,NA,32.608,0.109,0,28.811
45,2,26,156.403,73.746,10500.378,18,188.088,121.153,NA,15.633,0.052,50.906,50.906
46,2,27,160.953,95.738,10800.389,16,210.545,133.313,NA,22.457,0.075,78.311,27.404
47,2,28,160.953,95.738,11100.4,9,210.545,133.313,NA,0,0,0,-78.311
48,2,29,195.836,76.78,11400.411,12,250.247,160.012,NA,39.701,0.132,-28.523,-28.523
49,2,30,212.519,72.988,11700.421,10,267.355,175.488,NA,17.108,0.057,-12.804,15.719
50,2,31,220.86,71.471,12000.432,14,275.833,183.402,NA,8.478,0.028,-10.305,2.499
51,2,32,244.368,101.046,12300.443,9,313.612,213.255,NA,37.779,0.126,51.52,61.825
52,2,33,251.193,107.871,12600.454,10,323.264,221.819,NA,9.652,0.032,45,-6.52
53,2,34,243.61,118.487,12900.465,13,336.311,218.27,NA,13.047,0.043,125.538,80.538
54,2,35,239.06,111.662,13200.475,13,344.513,211.596,NA,8.202,0.027,-123.69,110.772
55,2,36,239.06,110.904,13500.486,13,345.272,211.337,NA,0.758,0.003,-90,33.69
56,2,37,248.159,110.904,13800.497,13,354.371,219.913,NA,9.1,0.03,0,90
57,2,38,262.568,118.487,14100.508,14,370.653,236.023,NA,16.282,0.054,27.759,27.759
58,2,39,302.758,127.587,14400.519,8,411.861,276.973,NA,41.208,0.137,12.758,-15.001
59,2,40,314.133,127.587,14700.529,5,423.236,287.771,NA,11.375,0.038,0,-12.758
60,2,41,318.683,122.279,15000.54,8,430.227,290.535,NA,6.991,0.023,-49.399,-49.399
61,2,42,321.716,122.279,15300.551,4,433.261,293.442,NA,3.033,0.01,0,49.399
62,2,43,323.233,124.554,15600.562,11,435.995,295.547,NA,2.734,0.009,56.31,56.31
63,2,44,361.149,129.104,15900.573,13,474.183,333.22,NA,38.188,0.127,6.843,-49.467
64,2,45,393.756,129.104,16200.583,9,506.79,364.716,NA,32.608,0.109,0,-6.843
65,2,46,427.881,151.095,16500.594,10,547.387,403.426,NA,40.597,0.135,32.8,32.8
66,3,1,286.644,5.687,14100.508,18,0,0,NA,NA,NA,NA,NA
67,3,2,295.175,18.768,14400.519,7,15.617,15.617,NA,15.617,0.052,56.889,NA
68,3,3,295.175,40.949,14700.529,11,37.798,36.279,NA,22.181,0.074,90,33.111
69,3,4,316.218,38.105,15000.54,9,59.032,43.881,NA,21.235,0.071,-7.696,-97.696
70,3,5,328.731,38.105,15300.551,9,71.545,53.125,NA,12.512,0.042,0,7.696
71,3,6,339.537,73.367,15600.562,10,108.425,85.896,NA,36.88,0.123,72.962,72.962
72,3,7,359.443,104.648,15900.573,7,145.502,122.853,NA,37.077,0.124,57.529,-15.433
73,3,8,387.88,118.298,16200.583,10,177.045,151.425,NA,31.543,0.105,25.641,-31.888
74,3,9,395.842,123.416,16500.594,10,186.511,160.575,NA,9.466,0.032,32.735,7.094
75,3,10,411.198,123.416,16800.605,14,201.867,171.388,NA,15.356,0.051,0,-32.735
76,3,11,445.322,138.772,17100.616,13,239.287,207.1,NA,37.42,0.125,24.228,24.228
77,3,12,477.74,170.621,17400.627,12,284.733,252.43,NA,45.446,0.151,44.493,20.265
78,3,13,495.94,178.015,17700.637,12,304.377,271.112,NA,19.644,0.065,22.109,-22.384
79,3,14,506.177,185.409,18000.648,19,317.005,283.715,NA,12.628,0.042,35.838,13.728
80,3,15,528.927,203.608,18300.659,21,346.139,312.847,NA,29.134,0.097,38.66,2.822
81,3,16,525.514,215.552,18600.67,14,358.56,317.965,NA,12.421,0.041,105.945,67.286
82,3,17,521.533,228.064,18900.681,32,371.691,323.457,NA,13.13,0.044,107.65,1.705
83,3,18,522.102,236.026,19200.691,22,379.673,329.388,NA,7.983,0.027,85.914,-21.736
84,3,19,525.514,236.026,19500.702,10,383.086,331.836,NA,3.412,0.011,0,-85.914
85,3,20,527.789,234.889,19800.713,10,385.629,332.692,NA,2.543,0.008,-26.565,-26.565
86,4,1,306.55,9.289,8700.313,14,0,0,NA,NA,NA,NA,NA
87,4,2,308.825,18.389,9000.324,12,9.38,9.38,NA,9.38,0.031,75.964,NA
88,4,3,309.583,35.831,9300.335,12,26.838,26.714,NA,17.458,0.058,87.51,11.547
89,4,4,321.716,43.414,9600.346,17,41.146,37.343,NA,14.308,0.048,32.005,-55.505
90,4,5,330.816,50.997,9900.357,12,52.991,48.253,NA,11.845,0.039,39.806,7.8
91,4,6,351.291,55.547,10200.367,23,73.965,64.354,NA,20.974,0.07,12.529,-27.277
92,4,7,361.907,55.547,10500.378,7,84.581,72.14,NA,10.616,0.035,0,-12.529
93,4,8,386.932,72.23,10800.389,4,114.657,102.092,NA,30.076,0.1,33.69,33.69
94,4,9,399.065,83.605,11100.4,12,131.288,118.666,NA,16.631,0.055,43.152,9.462
95,4,10,402.098,108.629,11400.411,14,156.496,137.832,NA,25.208,0.084,83.089,39.936
96,4,11,393.756,116.212,11700.421,8,167.769,137.976,NA,11.273,0.038,137.726,54.638
97,4,12,410.439,120.004,12000.432,7,184.878,151.825,NA,17.108,0.057,12.804,-124.922
98,4,13,430.156,123.795,12300.443,12,204.955,168.493,NA,20.078,0.067,10.886,-1.919
99,4,14,432.431,116.971,12600.454,20,212.149,165.654,NA,7.194,0.024,-71.565,-82.451
100,4,15,436.981,113.937,12900.465,8,217.617,167.222,NA,5.468,0.018,-33.69,37.875
101,4,16,439.256,113.937,13200.475,9,219.892,169.003,NA,2.275,0.008,0,33.69
102,4,17,439.256,113.937,13500.486,10,219.892,169.003,NA,0,0,0,0
103,4,18,439.256,119.245,13800.497,20,225.201,172.34,NA,5.308,0.018,90,90
104,5,1,168.347,25.024,15600.562,30,0,0,NA,NA,NA,NA,NA
105,5,2,181.428,36.399,15900.573,19,17.335,17.335,NA,17.335,0.058,41.009,NA
106,5,3,208.727,44.93,16200.583,26,45.936,45.02,NA,28.601,0.095,17.354,-23.655
107,5,4,216.689,50.049,16500.594,27,55.402,54.436,NA,9.466,0.032,32.735,15.381
108,5,5,199.058,51.755,16800.605,43,73.115,40.715,NA,17.713,0.059,174.472,141.737
109,5,6,199.058,51.755,17100.616,28,73.115,40.715,NA,0,0,0,-174.472
110,5,7,199.058,58.58,17400.627,22,79.94,45.488,NA,6.825,0.023,90,90
111,5,8,199.058,58.58,17700.637,25,79.94,45.488,NA,0,0,0,-90
112,6,1,118.108,8.531,17100.616,16,0,0,NA,NA,NA,NA,NA
113,6,2,122.658,18.389,17400.627,11,10.857,10.857,NA,10.857,0.036,65.225,NA
114,6,3,147.682,20.664,17700.637,19,35.985,31.966,NA,25.128,0.084,5.194,-60.03
115,6,4,168.157,20.664,18000.648,15,56.46,51.499,NA,20.475,0.068,0,-5.194
116,6,5,181.807,20.664,18300.659,32,70.109,64.844,NA,13.65,0.045,0,0
117,6,6,193.94,25.972,18600.67,6,83.353,77.812,NA,13.243,0.044,23.629,23.629
118,6,7,219.723,23.697,18900.681,19,109.236,102.74,NA,25.883,0.086,-5.042,-28.672
119,6,8,246.264,31.281,19200.691,9,136.839,130.159,NA,27.603,0.092,15.945,20.988
120,6,9,269.013,31.281,19500.702,12,159.589,152.61,NA,22.75,0.076,0,-15.945
121,6,10,296.313,27.489,19800.713,11,187.15,179.21,NA,27.561,0.092,-7.907,-7.907
122,6,11,332.712,44.172,20100.724,6,227.19,217.543,NA,40.04,0.133,24.624,32.531
123,6,12,358.116,83.605,20400.735,7,274.097,251.475,NA,46.907,0.156,57.209,32.586
124,6,13,380.107,116.971,20700.745,10,314.059,283.553,NA,39.961,0.133,56.611,-0.598
125,6,14,398.306,126.07,21000.756,21,334.406,303.853,NA,20.348,0.068,26.565,-30.046
126,6,15,374.04,123.795,21300.767,13,358.779,280.691,NA,24.373,0.081,-174.644,158.791
127,6,16,367.974,110.904,21600.778,8,373.027,270.024,NA,14.247,0.047,-115.201,59.443
128,6,17,379.348,104.837,21900.789,11,385.918,278.427,NA,12.891,0.043,-28.072,87.129
129,6,18,411.198,104.837,22200.799,14,417.767,308.507,NA,31.849,0.106,0,28.072
130,6,19,430.156,104.837,22500.81,15,436.725,326.571,NA,18.958,0.063,0,0
131,6,20,430.156,104.837,22800.821,11,436.725,326.571,NA,0,0,0,0
132,6,21,465.797,102.562,23100.832,14,472.439,360.18,NA,35.713,0.119,-3.652,-3.652
133,6,22,495.371,108.629,23400.843,17,502.629,390.317,NA,30.19,0.101,11.592,15.244
134,6,23,529.495,114.696,23700.853,7,537.288,424.865,NA,34.659,0.116,10.081,-1.512
135,6,24,541.628,114.696,24000.864,20,549.421,436.624,NA,12.133,0.04,0,-10.081
136,6,25,556.795,129.862,24300.875,6,570.87,455.156,NA,21.448,0.071,45,45
137,6,26,558.311,167.778,24600.886,10,608.816,468.122,NA,37.946,0.126,87.709,42.709
138,6,27,566.653,178.394,24900.897,16,622.317,479.631,NA,13.501,0.045,51.843,-35.867
139,6,28,569.686,197.352,25200.907,10,641.516,489.465,NA,19.199,0.064,80.91,29.067
140,6,29,565.895,223.893,25500.918,21,668.327,496.884,NA,26.811,0.089,98.13,17.22
141,6,30,571.961,230.718,25800.929,23,677.458,505.321,NA,9.131,0.03,48.366,-49.764
142,6,31,578.028,250.434,26100.94,27,698.087,519.657,NA,20.628,0.069,72.897,24.531
143,6,32,578.028,276.217,26400.951,19,723.87,532.148,NA,25.783,0.086,90,17.103
144,7,1,223.893,19.906,23100.832,30,0,0,NA,NA,NA,NA,NA
145,7,2,244.368,30.522,23400.843,7,23.063,23.063,NA,23.063,0.077,27.408,NA
146,7,3,253.468,54.03,23700.853,12,48.271,45.157,NA,25.208,0.084,68.839,41.431
147,7,4,261.051,54.788,24000.864,19,55.892,50.965,NA,7.621,0.025,5.711,-63.128
148,7,5,261.051,54.788,24300.875,25,55.892,50.965,NA,0,0,0,-5.711
149,7,6,253.468,54.03,24600.886,16,63.513,45.157,NA,7.621,0.025,-174.289,-174.289
150,7,7,253.468,54.788,24900.897,3,64.271,45.732,NA,0.758,0.003,90,-95.711
151,7,8,283.042,76.021,25200.907,11,100.678,81.532,NA,36.407,0.121,35.676,-54.324
152,7,9,285.317,81.33,25500.918,18,106.454,86.866,NA,5.775,0.019,66.801,31.125
153,7,10,293.659,92.704,25800.929,10,120.559,100.831,NA,14.106,0.047,53.746,-13.055
154,7,11,295.933,109.387,26100.94,28,137.397,114.877,NA,16.837,0.056,82.235,28.489
155,7,12,320.958,136.687,26400.951,9,174.43,151.853,NA,37.034,0.123,47.49,-34.745
156,7,13,331.574,142.753,26700.961,7,186.658,163.361,NA,12.228,0.041,29.745,-17.745
157,7,14,361.907,141.237,27600.994,11,217.028,183.763,NA,30.371,0.034,-2.862,-32.607
158,7,15,372.524,138.962,27901.005,12,227.886,190.434,NA,10.857,0.036,-12.095,-9.232
159,7,16,384.657,141.995,28201.016,8,240.392,201.868,NA,12.506,0.042,14.036,26.131
160,7,17,402.098,123.795,28501.026,9,265.6,206.276,NA,25.208,0.084,-46.219,-60.255
161,7,18,405.131,123.037,28801.037,11,268.726,208.526,NA,3.127,0.01,-14.036,32.183
162,7,19,412.714,123.037,29101.048,20,276.31,215.15,NA,7.583,0.025,0,14.036
163,7,20,429.397,105.596,29401.059,9,300.445,222.654,NA,24.135,0.08,-46.273,-46.273
164,7,21,452.905,95.738,29701.07,18,325.936,241.24,NA,25.491,0.085,-22.751,23.522
165,7,22,490.821,99.529,30001.08,7,364.041,278.55,NA,38.105,0.127,5.711,28.462
166,7,23,528.737,99.529,30301.091,20,401.957,315.071,NA,37.916,0.126,0,-5.711
167,7,24,543.903,104.837,30601.102,17,418.026,331.089,NA,16.068,0.054,19.29,19.29
168,8,1,61.424,311.669,23700.853,11,0,0,NA,NA,NA,NA,NA
169,8,2,61.424,317.356,24000.864,12,5.687,5.687,NA,5.687,0.019,90,NA
170,8,3,63.699,317.356,24300.875,7,7.962,6.125,NA,2.275,0.008,0,-90
171,8,4,63.699,317.356,24600.886,8,7.962,6.125,NA,0,0,0,0
172,8,5,70.524,317.356,24900.897,8,14.787,10.731,NA,6.825,0.023,0,0
173,8,6,70.524,317.356,25200.907,14,14.787,10.731,NA,0,0,0,0
174,8,7,75.073,325.318,25500.918,9,23.958,19.304,NA,9.171,0.031,60.255,60.255
175,8,8,75.073,325.318,25800.929,14,23.958,19.304,NA,0,0,0,-60.255
176,8,9,75.073,329.868,26100.94,10,28.508,22.75,NA,4.55,0.015,90,90
177,8,10,75.073,334.418,26400.951,11,33.058,26.53,NA,4.55,0.015,90,0
178,8,11,75.073,334.418,26700.961,7,33.058,26.53,NA,0,0,0,-90
179,8,12,86.448,337.831,27000.972,11,44.933,36.203,NA,11.876,0.04,16.699,16.699
180,8,13,86.448,337.831,27300.983,13,44.933,36.203,NA,0,0,0,-16.699
181,8,14,96.686,337.831,27600.994,23,55.171,43.907,NA,10.237,0.034,0,0
182,8,15,104.648,337.831,27901.005,13,63.133,50.525,NA,7.962,0.027,0,0
183,8,16,113.748,337.831,28201.016,17,72.233,58.5,NA,9.1,0.03,0,0
184,8,17,113.748,337.831,28501.026,17,72.233,58.5,NA,0,0,0,0
185,8,18,123.985,337.831,28801.037,19,82.47,67.811,NA,10.237,0.034,0,0
186,8,19,123.985,337.831,29101.048,14,82.47,67.811,NA,0,0,0,0
187,8,20,130.81,337.831,29401.059,20,89.295,74.154,NA,6.825,0.023,0,0
188,8,21,130.81,337.831,29701.07,13,89.295,74.154,NA,0,0,0,0
189,8,22,125.122,334.418,30001.08,28,95.927,67.639,NA,6.633,0.022,-149.036,-149.036
190,8,23,125.122,334.418,30301.091,26,95.927,67.639,NA,0,0,0,149.036
191,8,24,125.122,334.418,30601.102,24,95.927,67.639,NA,0,0,0,0
192,8,25,125.122,334.418,30901.113,20,95.927,67.639,NA,0,0,0,0
193,8,26,125.122,334.418,31201.124,40,95.927,67.639,NA,0,0,0,0
194,8,27,123.985,334.418,31501.134,23,97.065,66.569,NA,1.137,0.004,180,180
195,8,28,122.847,335.556,31801.145,9,98.674,65.905,NA,1.609,0.005,135,-45
196,8,29,120.573,335.556,32101.156,7,100.948,63.79,NA,2.275,0.008,180,45
197,8,30,120.573,343.518,32401.167,9,108.911,67.179,NA,7.962,0.027,90,-90
198,8,31,120.573,336.693,32701.178,12,115.736,64.225,NA,6.825,0.023,-90,-180
199,8,32,120.573,336.693,33001.188,9,115.736,64.225,NA,0,0,0,90
200,8,33,118.298,341.243,33301.199,5,120.823,64.104,NA,5.087,0.017,116.565,116.565
201,8,34,106.923,345.793,33601.21,17,133.074,56.874,NA,12.251,0.041,158.199,41.634
202,8,35,101.235,350.343,33901.221,25,140.357,55.504,NA,7.283,0.024,141.34,-16.858
203,8,36,101.235,350.343,34201.232,8,140.357,55.504,NA,0,0,0,-141.34
204,8,37,96.686,357.168,34501.242,20,148.559,57.564,NA,8.202,0.027,123.69,123.69
205,8,38,84.173,357.168,34801.253,16,161.072,50.869,NA,12.512,0.042,180,56.31
206,8,39,80.761,358.305,35101.264,6,164.669,50.487,NA,3.597,0.012,161.565,-18.435
207,8,40,65.974,360.58,35401.275,12,179.63,49.123,NA,14.961,0.05,171.254,9.689
208,8,41,65.974,360.58,35701.286,22,179.63,49.123,NA,0,0,0,-171.254
209,8,42,65.974,360.58,36001.296,4,179.63,49.123,NA,0,0,0,0
210,8,43,65.974,367.405,36301.307,6,186.455,55.922,NA,6.825,0.023,90,90
211,8,44,53.461,367.405,36601.318,7,198.967,56.302,NA,12.512,0.042,180,90
212,8,45,38.674,367.405,36901.329,11,213.754,60.2,NA,14.787,0.049,180,0
213,8,46,29.574,367.405,37201.34,10,222.854,64.194,NA,9.1,0.03,180,0
214,8,47,29.574,367.405,37501.35,10,222.854,64.194,NA,0,0,0,-180
215,8,48,29.574,365.13,37801.361,12,225.129,62.229,NA,2.275,0.008,-90,-90
216,8,49,30.712,365.13,38101.372,13,226.266,61.655,NA,1.137,0.004,0,90
217,8,50,30.712,367.405,38401.383,16,228.541,63.638,NA,2.275,0.008,90,90
218,8,51,32.987,378.78,38701.394,18,240.141,72.887,NA,11.6,0.039,78.69,-11.31
219,8,52,42.087,376.505,39001.404,22,249.521,67.658,NA,9.38,0.031,-14.036,-92.726
220,8,53,42.087,376.505,39301.415,6,249.521,67.658,NA,0,0,0,14.036
221,8,54,39.812,376.505,39601.426,13,251.796,68.343,NA,2.275,0.008,180,180
222,8,55,42.087,383.33,39901.437,8,258.99,74.224,NA,7.194,0.024,71.565,-108.435
223,8,56,31.849,383.33,40201.448,9,269.228,77.524,NA,10.237,0.034,180,108.435
224,8,57,44.362,383.33,40501.458,7,281.74,73.664,NA,12.512,0.042,0,-180
225,8,58,44.362,383.33,40801.469,11,281.74,73.664,NA,0,0,0,0
226,8,59,47.774,383.33,41101.48,14,285.152,72.949,NA,3.412,0.011,0,0
227,8,60,47.774,383.33,41401.491,13,285.152,72.949,NA,0,0,0,0
228,8,61,54.599,383.33,41701.502,24,291.977,71.985,NA,6.825,0.023,0,0
229,8,62,54.599,383.33,42001.512,27,291.977,71.985,NA,0,0,0,0
230,8,63,54.599,383.33,42301.523,17,291.977,71.985,NA,0,0,0,0
231,8,64,54.599,393.567,42601.534,9,302.214,82.182,NA,10.237,0.034,90,90
232,8,65,54.599,393.567,42901.545,8,302.214,82.182,NA,0,0,0,-90
233,8,66,52.324,393.567,43201.556,10,304.489,82.402,NA,2.275,0.008,180,180
234,8,67,52.324,393.567,43501.566,10,304.489,82.402,NA,0,0,0,-180
235,8,68,52.324,393.567,43801.577,43,304.489,82.402,NA,0,0,0,0
236,8,69,48.911,393.567,44101.588,16,307.902,82.849,NA,3.412,0.011,180,180
237,8,70,48.911,393.567,44401.599,9,307.902,82.849,NA,0,0,0,-180
238,8,71,48.911,393.567,44701.61,11,307.902,82.849,NA,0,0,0,0
239,8,72,50.049,393.567,45001.62,6,309.039,82.684,NA,1.137,0.004,0,0
240,8,73,59.149,403.804,45301.631,13,322.736,92.164,NA,13.697,0.046,48.366,48.366
241,8,74,60.286,411.767,45601.642,18,330.779,100.104,NA,8.043,0.027,81.87,33.503
242,8,75,60.286,411.767,45901.653,12,330.779,100.104,NA,0,0,0,-81.87
243,8,76,60.286,411.767,46201.664,19,330.779,100.104,NA,0,0,0,0
244,8,77,60.286,411.767,46501.674,10,330.779,100.104,NA,0,0,0,0
245,8,78,62.561,412.904,46801.685,10,333.323,101.242,NA,2.543,0.008,26.565,26.565
246,8,79,62.561,419.729,47101.696,7,340.148,108.066,NA,6.825,0.023,90,63.435
247,8,80,62.561,419.729,47401.707,13,340.148,108.066,NA,0,0,0,-90
248,8,81,54.599,415.179,47701.718,31,349.318,103.735,NA,9.171,0.031,-150.255,-150.255
249,8,82,53.461,415.179,48001.729,11,350.456,103.816,NA,1.137,0.004,180,-29.745
250,8,83,46.637,415.179,48301.739,11,357.281,104.561,NA,6.825,0.023,180,0
251,8,84,40.949,415.179,48601.75,28,362.968,105.516,NA,5.687,0.019,180,0
252,8,85,40.949,415.179,48901.761,15,362.968,105.516,NA,0,0,0,-180
253,8,86,40.949,426.554,49201.772,6,374.343,116.695,NA,11.375,0.038,90,90
254,8,87,40.949,426.554,49501.783,8,374.343,116.695,NA,0,0,0,-90
255,8,88,34.124,436.791,49801.793,31,386.647,128.066,NA,12.304,0.041,123.69,123.69
256,8,89,34.124,436.791,50101.804,34,386.647,128.066,NA,0,0,0,-123.69
257,9,1,13.65,80.761,45001.62,12,0,0,NA,NA,NA,NA,NA
258,9,2,19.337,80.761,45301.631,32,5.687,5.687,NA,5.687,0.019,0,NA
259,9,3,29.574,80.761,45601.642,43,15.925,15.925,NA,10.237,0.034,0,0
260,9,4,47.774,67.111,45901.653,9,38.674,36.753,NA,22.75,0.076,-36.87,-36.87
261,9,5,47.774,67.111,46201.664,16,38.674,36.753,NA,0,0,0,36.87
262,9,6,47.774,55.736,46501.674,18,50.049,42.317,NA,11.375,0.038,-90,-90
263,9,7,47.774,55.736,46801.685,27,50.049,42.317,NA,0,0,0,90
264,9,8,47.774,52.324,47101.696,19,53.461,44.42,NA,3.412,0.011,-90,-90
265,9,9,47.774,44.362,47401.707,6,61.424,49.894,NA,7.962,0.027,-90,0
266,9,10,45.499,27.299,47701.718,8,78.637,62.229,NA,17.213,0.057,-97.595,-7.595
267,9,11,52.324,22.75,48001.729,16,86.839,69.721,NA,8.202,0.027,-33.69,63.905
268,9,12,55.736,22.75,48301.739,11,90.252,71.67,NA,3.412,0.011,0,33.69
269,9,13,55.736,22.75,48601.75,31,90.252,71.67,NA,0,0,0,0
270,9,14,69.386,22.75,48901.761,8,103.901,80.448,NA,13.65,0.045,0,0
271,9,15,69.386,22.75,49201.772,10,103.901,80.448,NA,0,0,0,0
272,9,16,72.798,25.024,49501.783,12,108.003,81.272,NA,4.101,0.014,33.69,33.69
273,9,17,72.798,26.162,49801.793,10,109.14,80.496,NA,1.137,0.004,90,56.31
274,9,18,80.761,28.437,50101.804,13,117.421,85.098,NA,8.281,0.028,15.945,-74.055
275,9,19,101.235,62.561,50401.815,13,157.217,89.457,NA,39.795,0.133,59.036,43.091
276,9,20,101.235,77.348,50701.826,11,172.004,87.652,NA,14.787,0.049,90,30.964
277,9,21,101.235,77.348,51001.837,31,172.004,87.652,NA,0,0,0,-90
278,9,22,111.473,94.411,51301.847,8,191.901,98.771,NA,19.898,0.066,59.036,59.036
279,9,23,126.26,113.748,51601.858,21,216.245,117.342,NA,24.343,0.081,52.595,-6.442
280,9,24,134.222,119.435,51901.869,9,226.029,126.623,NA,9.785,0.033,35.538,-17.057
281,9,25,134.222,119.435,52201.88,6,226.029,126.623,NA,0,0,0,-35.538
282,9,26,133.085,121.71,52501.891,14,228.573,126.26,NA,2.543,0.008,116.565,116.565
283,9,27,131.947,121.71,52801.901,11,229.71,125.184,NA,1.137,0.004,180,63.435
284,9,28,128.535,123.985,53101.912,24,233.812,122.747,NA,4.101,0.014,146.31,-33.69
285,9,29,128.535,123.985,53401.923,15,233.812,122.747,NA,0,0,0,-146.31
286,9,30,130.81,131.947,53701.934,11,242.093,127.854,NA,8.281,0.028,74.055,74.055
287,9,31,149.009,138.772,54001.945,10,261.53,147.267,NA,19.437,0.065,20.556,-53.499
288,9,32,155.834,138.772,54301.955,11,268.355,153.564,NA,6.825,0.023,0,-20.556
289,9,33,164.934,137.635,54601.966,18,277.525,161.622,NA,9.171,0.031,-7.125,-7.125
290,9,34,176.309,133.085,54901.977,11,289.776,170.868,NA,12.251,0.041,-21.801,-14.676
291,9,35,180.859,123.985,55201.988,8,299.95,172.706,NA,10.174,0.034,-63.435,-41.634
292,9,36,192.234,119.435,55501.999,23,312.201,182.723,NA,12.251,0.041,-21.801,41.634
293,9,37,199.058,119.435,55802.009,11,319.026,189.399,NA,6.825,0.023,0,21.801
294,9,38,203.608,119.435,56102.02,39,323.576,193.856,NA,4.55,0.015,0,0
295,9,39,203.608,119.435,56402.031,22,323.576,193.856,NA,0,0,0,0
296,9,40,213.846,123.985,56702.042,12,334.779,204.809,NA,11.203,0.037,23.962,23.962
297,9,41,213.846,123.985,57002.053,18,334.779,204.809,NA,0,0,0,-23.962
298,9,42,217.258,123.985,57302.063,10,338.191,208.146,NA,3.412,0.011,0,0
299,9,43,217.258,123.985,57602.074,16,338.191,208.146,NA,0,0,0,0
300,9,44,218.395,131.947,57902.085,34,346.234,211.047,NA,8.043,0.027,81.87,81.87
301,9,45,218.395,131.947,58202.096,25,346.234,211.047,NA,0,0,0,-81.87
302,9,46,218.395,131.947,58502.107,23,346.234,211.047,NA,0,0,0,0
303,9,47,219.533,131.947,58802.117,26,347.372,212.151,NA,1.137,0.004,0,0
304,9,48,219.533,131.947,59102.128,22,347.372,212.151,NA,0,0,0,0
305,9,49,222.945,131.947,59402.139,61,350.784,215.464,NA,3.412,0.011,0,0
306,9,50,222.945,131.947,59702.15,38,350.784,215.464,NA,0,0,0,0
307,9,52,222.945,131.947,60002.161,21,350.784,215.464,NA,0,0,0,0
308,10,1,113.748,15.356,53101.912,15,0,0,NA,NA,NA,NA,NA
309,10,2,114.316,15.356,53401.923,11,0.569,0.569,NA,0.569,0.002,0,NA
310,10,3,114.316,14.787,53701.934,29,1.137,0.804,NA,0.569,0.002,-90,-90
311,10,4,114.316,14.787,54001.945,24,1.137,0.804,NA,0,0,0,90
312,10,5,120.004,22.181,54301.955,20,10.465,9.258,NA,9.328,0.031,52.431,52.431
313,10,6,129.104,29.006,54601.966,17,21.84,20.546,NA,11.375,0.038,36.87,-15.562
314,10,7,147.872,40.949,54901.977,18,44.087,42.655,NA,22.246,0.074,32.471,-4.399
315,10,8,162.659,40.949,55201.988,13,58.874,55.203,NA,14.787,0.049,0,-32.471
316,10,9,162.659,40.949,55501.999,18,58.874,55.203,NA,0,0,0,0
317,10,10,162.659,40.949,55802.009,18,58.874,55.203,NA,0,0,0,0
318,10,11,162.659,42.087,56102.02,12,60.011,55.739,NA,1.137,0.004,90,90
319,10,12,162.659,42.087,56402.031,11,60.011,55.739,NA,0,0,0,-90
320,10,13,162.659,44.93,56702.042,18,62.855,57.157,NA,2.844,0.009,90,90
321,10,14,158.109,44.362,57002.053,27,67.44,53.003,NA,4.585,0.015,-172.875,97.125
322,10,15,166.072,37.537,57302.063,13,77.927,56.831,NA,10.487,0.035,-40.601,132.274
323,10,16,189.39,17.631,57602.074,10,108.586,75.676,NA,30.659,0.102,-40.486,0.115
324,10,17,203.608,17.631,57902.085,19,122.805,89.889,NA,14.218,0.047,0,40.486
325,10,18,203.608,17.631,58202.096,13,122.805,89.889,NA,0,0,0,0
326,10,19,208.727,38.674,58502.107,12,144.462,97.8,NA,21.657,0.072,76.329,76.329
327,10,20,219.533,61.992,58802.117,23,170.162,115.609,NA,25.7,0.086,65.136,-11.192
328,10,21,228.633,76.78,59102.128,15,187.525,130.275,NA,17.363,0.058,58.392,-6.744
329,10,22,237.164,76.211,59402.139,20,196.075,137.604,NA,8.55,0.028,-3.814,-62.207
330,10,23,243.42,85.879,59702.15,12,207.591,147.609,NA,11.516,0.038,57.095,60.909
331,10,26,263.326,98.392,60002.161,17,231.103,171.081,NA,23.512,0.078,32.152,-24.942
332,11,1,343.518,201.333,56102.02,11,0,0,NA,NA,NA,NA,NA
333,11,2,352.618,201.333,56402.031,13,9.1,9.1,NA,9.1,0.03,0,NA
334,11,3,353.755,201.333,56702.042,9,10.237,10.237,NA,1.137,0.004,0,0
335,11,4,366.267,201.333,57002.053,17,22.75,22.75,NA,12.512,0.042,0,0
336,11,5,378.78,216.121,57302.063,11,42.12,38.237,NA,19.371,0.065,49.764,49.764
337,11,6,378.78,226.358,57602.074,13,52.357,43.239,NA,10.237,0.034,90,40.236
338,11,7,378.78,226.358,57902.085,18,52.357,43.239,NA,0,0,0,-90
339,11,8,378.78,238.87,58202.096,27,64.87,51.501,NA,12.512,0.042,90,90
340,11,9,392.429,254.795,58502.107,19,85.844,72.46,NA,20.974,0.07,49.399,-40.601
341,11,10,395.842,260.482,58802.117,11,92.476,78.971,NA,6.633,0.022,59.036,9.638
342,11,11,416.316,263.895,59102.128,20,113.233,95.987,NA,20.757,0.069,9.462,-49.574
343,11,12,426.554,263.895,59402.139,12,123.47,103.966,NA,10.237,0.034,0,-9.462
344,11,13,426.554,263.895,59702.15,17,123.47,103.966,NA,0,0,0,0
345,11,15,440.014,272.046,60002.161,25,139.207,119.632,NA,15.736,0.052,31.201,31.201
346,12,1,304.275,216.689,56702.042,9,0,0,NA,NA,NA,NA,NA
347,12,2,306.55,230.339,57002.053,13,13.838,13.838,NA,13.838,0.046,80.538,NA
348,12,3,311.1,233.372,57302.063,14,19.306,18.025,NA,5.468,0.018,33.69,-46.848
349,12,4,319.441,252.33,57602.074,6,40.018,38.734,NA,20.712,0.069,66.251,32.56
350,12,5,339.158,289.488,57902.085,15,82.083,80.724,NA,42.064,0.14,62.049,-4.201
351,12,6,339.158,302.379,58202.096,29,94.974,92.518,NA,12.891,0.043,90,27.951
352,12,7,339.158,302.379,58502.107,10,94.974,92.518,NA,0,0,0,-90
353,12,8,345.224,326.645,58802.117,9,119.987,117.334,NA,25.013,0.083,75.964,75.964
354,12,9,345.224,344.087,59102.128,30,137.428,133.817,NA,17.441,0.058,90,14.036
355,12,10,345.224,372.903,59402.139,10,166.244,161.491,NA,28.816,0.096,90,0
356,12,11,351.291,385.036,59702.15,17,179.81,174.789,NA,13.565,0.045,63.435,-26.565
357,12,13,360.39,415.369,60002.161,14,211.478,206.452,NA,31.668,0.106,73.301,9.866
358,13,1,54.599,246.832,50101.804,12,0,0,NA,NA,NA,NA,NA
359,13,2,65.974,246.832,50401.815,15,11.375,11.375,NA,11.375,0.038,0,NA
360,13,3,85.311,246.832,50701.826,10,30.712,30.712,NA,19.337,0.064,0,0
361,13,4,96.686,246.832,51001.837,5,42.087,42.087,NA,11.375,0.038,0,0
362,13,5,138.772,228.633,51301.847,13,87.94,86.118,NA,45.853,0.153,-23.385,-23.385
363,13,6,149.009,228.633,51601.858,34,98.177,96.149,NA,10.237,0.034,0,23.385
364,13,7,159.247,228.633,51901.869,10,108.414,106.219,NA,10.237,0.034,0,0
365,13,8,199.058,233.183,52201.88,10,148.485,145.103,NA,40.071,0.134,6.52,6.52
366,13,9,218.395,234.32,52501.891,10,167.856,164.274,NA,19.371,0.065,3.366,-3.153
367,13,10,234.32,255.932,52801.901,27,194.701,179.952,NA,26.845,0.089,53.616,50.249
368,13,11,238.87,265.032,53101.912,7,204.875,185.168,NA,10.174,0.034,63.435,9.819
369,13,12,249.107,282.094,53401.923,13,224.773,197.679,NA,19.898,0.066,59.036,-4.399
370,13,13,280.957,309.394,53701.934,9,266.721,234.844,NA,41.948,0.14,40.601,-18.435
371,13,14,288.919,310.531,54001.945,10,274.764,242.824,NA,8.043,0.027,8.13,-32.471
372,13,15,298.019,316.218,54301.955,13,285.495,253.116,NA,10.731,0.036,32.005,23.875
373,13,16,308.256,325.318,54601.966,14,299.192,265.522,NA,13.697,0.046,41.634,9.628
374,13,17,312.806,338.968,54901.977,14,313.58,274.153,NA,14.388,0.048,71.565,29.932
375,13,18,326.456,343.518,55201.988,8,327.968,288.538,NA,14.388,0.048,18.435,-53.13
376,14,1,19.337,241.145,48601.75,6,0,0,NA,NA,NA,NA,NA
377,14,2,23.887,235.458,48901.761,12,7.283,7.283,NA,7.283,0.024,-51.34,NA
378,14,3,29.574,230.908,49201.772,22,14.567,14.478,NA,7.283,0.024,-38.66,12.68
379,14,4,32.987,229.77,49501.783,22,18.164,17.768,NA,3.597,0.012,-18.435,20.225
380,14,5,36.399,229.77,49801.793,18,21.576,20.506,NA,3.412,0.011,0,18.435
381,14,6,44.362,228.633,50101.804,9,29.619,27.978,NA,8.043,0.027,-8.13,-8.13
382,14,7,47.774,224.083,50401.815,24,35.307,33.163,NA,5.687,0.019,-53.13,-45
383,14,8,47.774,224.083,50701.826,14,35.307,33.163,NA,0,0,0,53.13
384,14,9,58.011,224.083,51001.837,6,45.544,42.271,NA,10.237,0.034,0,0
385,14,10,54.599,224.083,51301.847,14,48.957,39.173,NA,3.412,0.011,180,180
386,14,11,54.599,224.083,51601.858,13,48.957,39.173,NA,0,0,0,-180
387,14,12,50.049,224.083,51901.869,32,53.506,35.133,NA,4.55,0.015,180,180
388,14,13,50.049,221.808,52201.88,10,55.781,36.292,NA,2.275,0.008,-90,90
389,14,14,50.049,221.808,52501.891,18,55.781,36.292,NA,0,0,0,90
390,14,15,64.836,221.808,52801.901,11,70.569,49.438,NA,14.787,0.049,0,0
391,14,16,69.386,238.87,53101.912,11,88.227,50.101,NA,17.658,0.059,75.069,75.069
392,14,17,95.548,238.87,53401.923,11,114.389,76.245,NA,26.162,0.087,0,-75.069
393,14,18,108.06,229.77,53701.934,8,129.86,89.449,NA,15.471,0.052,-36.027,-36.027
394,14,19,152.422,233.183,54001.945,13,174.353,133.323,NA,44.493,0.148,4.399,40.426
395,14,20,177.446,233.183,54301.955,17,199.377,158.31,NA,25.024,0.083,0,-4.399
396,14,21,177.446,237.733,54601.966,21,203.927,158.146,NA,4.55,0.015,90,90
397,14,22,172.896,242.283,54901.977,12,210.362,153.564,NA,6.435,0.021,135,45
398,14,23,171.759,255.932,55201.988,7,224.059,153.137,NA,13.697,0.046,94.764,-40.236
399,14,24,171.759,269.582,55501.999,10,237.709,155.052,NA,13.65,0.045,90,-4.764
400,14,25,171.759,277.544,55802.009,9,245.671,156.708,NA,7.962,0.027,90,0
401,14,26,171.759,277.544,56102.02,11,245.671,156.708,NA,0,0,0,-90
402,14,27,166.072,277.544,56402.031,21,251.358,151.182,NA,5.687,0.019,180,180
403,14,28,118.298,288.919,56702.042,11,300.468,109.889,NA,49.109,0.164,166.608,-13.392
404,14,29,119.435,296.881,57002.053,8,308.511,114.569,NA,8.043,0.027,81.87,-84.738
405,14,30,135.36,307.119,57302.063,13,327.442,133.468,NA,18.931,0.063,32.735,-49.135
406,14,31,147.872,310.531,57602.074,13,340.412,146.067,NA,12.969,0.043,15.255,-17.48
407,14,32,155.834,312.806,57902.085,9,348.693,154.165,NA,8.281,0.028,15.945,0.69
408,14,33,158.109,319.631,58202.096,13,355.887,159.429,NA,7.194,0.024,71.565,55.62
409,14,34,164.934,319.631,58502.107,16,362.711,165.404,NA,6.825,0.023,0,-71.565
410,14,35,175.171,327.593,58802.117,13,375.681,178.207,NA,12.969,0.043,37.875,37.875
411,14,36,180.859,340.105,59102.128,20,389.425,189.427,NA,13.744,0.046,65.556,27.681
412,14,37,189.959,348.068,59402.139,13,401.516,201.356,NA,12.092,0.04,41.186,-24.37
413,14,38,216.121,393.567,59702.15,9,454.001,248.91,NA,52.484,0.175,60.101,18.915
414,14,40,218.395,409.492,60002.161,16,470.087,260.701,NA,16.086,0.054,81.87,21.769
415,15,1,14.787,345.793,49801.793,7,0,0,NA,NA,NA,NA,NA
416,15,2,32.987,345.793,50101.804,7,18.2,18.2,NA,18.2,0.061,0,NA
417,15,3,43.224,345.793,50401.815,17,28.437,28.437,NA,10.237,0.034,0,0
418,15,4,54.599,345.793,50701.826,6,39.812,39.812,NA,11.375,0.038,0,0
419,15,5,54.599,378.78,51001.837,12,72.798,51.702,NA,32.987,0.11,90,90
420,15,6,67.111,401.529,51301.847,8,98.762,76.448,NA,25.963,0.087,61.189,-28.811
421,15,7,92.136,415.179,51601.858,11,127.267,103.91,NA,28.505,0.095,28.61,-32.579
422,15,8,118.298,427.691,51901.869,25,156.267,131.991,NA,29,0.097,25.56,-3.05
423,15,9,131.947,445.891,52201.88,13,179.017,154.098,NA,22.75,0.076,53.13,27.57
424,15,10,156.972,445.891,52501.891,15,204.041,173.885,NA,25.024,0.083,0,-53.13
425,15,11,156.972,445.891,52801.901,9,204.041,173.885,NA,0,0,0,0
426,16,1,34.124,268.444,50401.815,9,0,0,NA,NA,NA,NA,NA
427,16,2,40.949,268.444,50701.826,7,6.825,6.825,NA,6.825,0.023,0,NA
428,16,3,39.812,279.819,51001.837,13,18.256,12.717,NA,11.431,0.038,95.711,95.711
429,16,4,29.574,278.682,51301.847,16,28.557,11.203,NA,10.3,0.034,-173.66,90.63
430,16,5,28.437,279.819,51601.858,8,30.165,12.717,NA,1.609,0.005,135,-51.34
431,16,6,37.537,295.744,51901.869,7,48.507,27.512,NA,18.341,0.061,60.255,-74.745
432,16,7,53.461,302.569,52201.88,20,65.832,39.222,NA,17.326,0.058,23.199,-37.057
433,16,8,72.798,321.906,52501.891,52,93.179,65.983,NA,27.347,0.091,45,21.801
434,16,9,81.898,321.906,52801.901,30,102.279,71.697,NA,9.1,0.03,0,-45
435,16,10,92.136,321.906,53101.912,10,112.516,78.889,NA,10.237,0.034,0,0
436,16,11,126.26,354.893,53401.923,18,159.977,126.342,NA,47.462,0.158,44.029,44.029
437,16,12,137.635,366.267,53701.934,14,176.064,142.421,NA,16.086,0.054,45,0.971
438,16,13,137.635,366.267,54001.945,8,176.064,142.421,NA,0,0,0,-45
439,17,1,326.456,439.066,54001.945,11,0,0,NA,NA,NA,NA,NA
440,17,2,342.38,439.066,54301.955,9,15.925,15.925,NA,15.925,0.053,0,NA
441,17,3,361.718,439.066,54601.966,16,35.262,35.262,NA,19.337,0.064,0,0
442,17,4,373.092,439.066,54901.977,23,46.637,46.637,NA,11.375,0.038,0,0
443,17,5,383.33,441.341,55201.988,15,57.124,56.919,NA,10.487,0.035,12.529,12.529
444,17,6,407.217,445.891,55501.999,16,81.44,81.049,NA,24.316,0.081,10.784,-1.745
445,17,7,433.379,481.153,55802.009,12,125.347,114.908,NA,43.907,0.146,53.427,42.643
446,17,8,443.616,486.84,56102.02,13,137.058,126.526,NA,11.711,0.039,29.055,-24.372
447,17,9,476.603,492.527,56402.031,41,170.532,159.381,NA,33.474,0.112,9.782,-19.272
448,17,10,495.94,492.527,56702.042,23,189.869,177.716,NA,19.337,0.064,0,-9.782
449,17,11,538.026,505.04,57002.053,13,233.776,221.618,NA,43.907,0.146,16.557,16.557
450,17,12,549.401,516.414,57302.063,12,249.862,235.982,NA,16.086,0.054,45,28.443
451,17,13,560.776,516.414,57602.074,9,261.237,246.756,NA,11.375,0.038,0,-45
452,18,1,296.881,311.669,51301.847,8,0,0,NA,NA,NA,NA,NA
453,18,2,303.706,320.768,51601.858,9,11.375,11.375,NA,11.375,0.038,53.13,NA
454,18,3,309.394,320.768,51901.869,11,17.062,15.471,NA,5.687,0.019,0,-53.13
455,18,4,318.493,335.556,52201.88,19,34.425,32.213,NA,17.363,0.058,58.392,58.392
456,18,5,321.906,340.105,52501.891,12,40.112,37.88,NA,5.687,0.019,53.13,-5.262
457,18,6,328.731,345.793,52801.901,18,48.996,46.678,NA,8.884,0.03,39.806,-13.325
458,18,7,341.243,365.13,53101.912,16,72.028,69.47,NA,23.032,0.077,57.095,17.289
459,18,8,341.243,365.13,53401.923,12,72.028,69.47,NA,0,0,0,-57.095
460,18,9,348.068,365.13,53701.934,24,78.853,74.015,NA,6.825,0.023,0,0
461,18,10,348.068,365.13,54001.945,17,78.853,74.015,NA,0,0,0,0
462,18,11,356.03,369.68,54301.955,13,88.024,82.849,NA,9.171,0.031,29.745,29.745
463,18,12,370.817,383.33,54601.966,5,108.148,102.965,NA,20.124,0.067,42.709,12.965
464,18,13,378.78,392.429,54901.977,13,120.24,115.02,NA,12.092,0.04,48.814,6.105
465,18,14,378.78,399.254,55201.988,23,127.064,119.911,NA,6.825,0.023,90,41.186
466,18,15,378.78,399.254,55501.999,24,127.064,119.911,NA,0,0,0,-90
467,18,16,391.292,399.254,55802.009,20,139.577,128.781,NA,12.512,0.042,0,0
468,18,17,391.292,399.254,56102.02,12,139.577,128.781,NA,0,0,0,0
469,18,18,373.092,434.516,56402.031,15,179.258,144.567,NA,39.681,0.132,117.3,117.3
470,18,19,382.192,442.478,56702.042,7,191.35,156.17,NA,12.092,0.04,41.186,-76.114
471,18,20,398.117,442.478,57002.053,20,207.274,165.408,NA,15.925,0.053,0,-41.186
472,18,21,412.904,442.478,57302.063,9,222.062,174.85,NA,14.787,0.049,0,0
473,18,22,437.928,469.778,57602.074,21,259.095,211.879,NA,37.034,0.123,47.49,47.49
474,18,23,444.753,478.878,57902.085,21,270.47,223.215,NA,11.375,0.038,53.13,5.641
475,18,24,465.228,500.49,58202.096,10,300.24,252.97,NA,29.771,0.099,46.548,-6.582
476,18,25,489.115,497.077,58502.107,12,324.37,267.077,NA,24.13,0.08,-8.13,-54.678
477,18,26,513.002,501.627,58802.117,14,348.686,287.737,NA,24.316,0.081,10.784,18.914
478,18,27,525.514,501.627,59102.128,13,361.199,297.249,NA,12.512,0.042,0,-10.784
479,18,28,544.851,513.002,59402.139,14,383.633,319.412,NA,22.435,0.075,30.466,30.466
480,19,1,18.2,14.787,56402.031,47,0,0,NA,NA,NA,NA,NA
481,19,2,40.949,14.787,56702.042,19,22.75,22.75,NA,22.75,0.076,0,NA
482,19,3,48.911,14.787,57002.053,24,30.712,30.712,NA,7.962,0.027,0,0
483,19,4,64.836,28.437,57302.063,32,51.686,48.593,NA,20.974,0.07,40.601,40.601
484,19,5,71.661,42.087,57602.074,13,66.947,60.028,NA,15.261,0.051,63.435,22.834
485,19,6,76.211,62.561,57902.085,13,87.921,75.151,NA,20.974,0.07,77.471,14.036
486,19,7,76.211,75.073,58202.096,19,100.433,83.664,NA,12.512,0.042,90,12.529
487,19,8,76.211,88.723,58502.107,15,114.083,93.978,NA,13.65,0.045,90,0
488,19,9,89.861,104.648,58802.117,17,135.057,114.936,NA,20.974,0.07,49.399,-40.601
489,19,10,94.411,104.648,59102.128,6,139.607,117.826,NA,4.55,0.015,0,-49.399
490,19,11,94.411,125.122,59402.139,13,160.081,134.097,NA,20.475,0.068,90,90
491,19,12,101.235,168.347,59702.15,15,203.841,174.572,NA,43.76,0.146,81.027,-8.973
492,19,14,94.411,187.684,60002.161,8,224.347,188.948,NA,20.506,0.068,109.44,28.413
493,20,1,5.687,166.072,52501.891,16,0,0,NA,NA,NA,NA,NA
494,20,2,18.2,170.621,52801.901,25,13.314,13.314,NA,13.314,0.044,19.983,NA
495,20,3,23.887,172.896,53101.912,16,19.439,19.437,NA,6.125,0.02,21.801,1.818
496,20,4,23.887,192.234,53401.923,16,38.776,31.87,NA,19.337,0.064,90,68.199
497,20,5,23.887,192.234,53701.934,13,38.776,31.87,NA,0,0,0,-90
498,20,6,28.437,192.234,54001.945,35,43.326,34.67,NA,4.55,0.015,0,0
499,20,7,28.437,199.058,54301.955,17,50.151,40.071,NA,6.825,0.023,90,90
500,20,8,28.437,199.058,54601.966,17,50.151,40.071,NA,0,0,0,-90
501,20,9,28.437,199.058,54901.977,14,50.151,40.071,NA,0,0,0,0
502,20,10,28.437,211.571,55201.988,10,62.663,50.869,NA,12.512,0.042,90,90
503,20,11,29.574,210.433,55501.999,13,64.272,50.384,NA,1.609,0.005,-45,-135
504,20,12,35.262,210.433,55802.009,13,69.959,53.316,NA,5.687,0.019,0,45
505,20,13,35.262,210.433,56102.02,24,69.959,53.316,NA,0,0,0,0
506,20,14,44.362,217.258,56402.031,14,81.334,64.154,NA,11.375,0.038,36.87,36.87
507,20,15,58.011,217.258,56702.042,15,94.984,73.197,NA,13.65,0.045,0,-36.87
508,20,16,120.573,219.533,57002.053,12,157.586,126.715,NA,62.603,0.209,2.083,2.083
509,20,17,144.46,219.533,57302.063,11,181.473,148.714,NA,23.887,0.08,0,-2.083
510,20,18,144.46,219.533,57602.074,8,181.473,148.714,NA,0,0,0,0
511,20,19,156.972,226.358,57902.085,6,195.726,162.854,NA,14.253,0.048,28.61,28.61
512,20,20,191.096,226.358,58202.096,14,229.85,194.964,NA,34.124,0.114,0,-28.61
513,20,21,212.708,226.358,58502.107,9,251.462,215.62,NA,21.612,0.072,0,0
514,20,22,226.358,224.083,58802.117,20,265.3,228.168,NA,13.838,0.046,-9.462,-9.462
515,20,23,236.595,221.808,59102.128,13,275.787,237.539,NA,10.487,0.035,-12.529,-3.066
516,20,24,249.107,216.121,59402.139,8,289.532,248.512,NA,13.744,0.046,-24.444,-11.915
517,20,25,290.057,218.395,59702.15,9,330.544,289.143,NA,41.012,0.137,3.18,27.624
518,20,26,305.981,225.22,60002.161,25,347.869,306.064,NA,17.326,0.058,23.199,20.019
519,21,1,383.33,10.237,54301.955,19,0,0,NA,NA,NA,NA,NA
520,21,2,385.605,13.65,54601.966,16,4.101,4.101,NA,4.101,0.014,56.31,NA
521,21,3,392.429,13.65,54901.977,9,10.926,9.719,NA,6.825,0.023,0,-56.31
522,21,4,395.842,27.299,55201.988,36,24.996,21.158,NA,14.07,0.047,75.964,75.964
523,21,5,395.842,36.399,55501.999,12,34.096,29,NA,9.1,0.03,90,14.036
524,21,6,401.529,39.812,55802.009,15,40.728,34.726,NA,6.633,0.022,30.964,-59.036
525,21,7,407.217,39.812,56102.02,11,46.416,38.016,NA,5.687,0.019,0,-30.964
526,21,8,424.279,59.149,56402.031,11,72.204,63.79,NA,25.788,0.086,48.576,48.576
527,21,9,424.279,69.386,56702.042,9,82.441,71.94,NA,10.237,0.034,90,41.424
528,21,10,428.829,69.386,57002.053,16,86.991,74.624,NA,4.55,0.015,0,-90
529,21,11,428.829,69.386,57302.063,15,86.991,74.624,NA,0,0,0,0
530,21,12,410.629,83.036,57602.074,31,109.741,77.749,NA,22.75,0.076,143.13,143.13
531,21,13,410.629,97.823,57902.085,14,124.528,91.742,NA,14.787,0.049,90,-53.13
532,21,14,384.467,101.235,58202.096,10,150.912,91.005,NA,26.384,0.088,172.569,82.569
533,21,15,381.055,89.861,58502.107,12,162.787,79.656,NA,11.876,0.04,-106.699,80.732
534,21,16,377.642,89.861,58802.117,15,166.2,79.826,NA,3.412,0.011,180,-73.301
535,21,17,377.642,93.273,59102.128,25,169.612,83.23,NA,3.412,0.011,90,-90
536,21,18,377.642,93.273,59402.139,21,169.612,83.23,NA,0,0,0,-90
537,21,19,378.78,108.06,59702.15,15,184.443,97.929,NA,14.831,0.049,85.601,85.601
538,21,20,383.33,117.16,60002.161,9,194.617,106.923,NA,10.174,0.034,63.435,-22.166
539,22,1,174.603,10.048,57302.063,19,0,0,NA,NA,NA,NA,NA
540,22,2,184.461,14.598,57602.074,14,10.857,10.857,NA,10.857,0.036,24.775,NA
541,22,3,194.319,14.598,57902.085,18,20.716,20.234,NA,9.858,0.033,0,-24.775
542,22,4,200.385,19.906,58202.096,22,28.777,27.603,NA,8.061,0.027,41.186,41.186
543,22,5,204.177,22.181,58502.107,13,33.198,31.966,NA,4.422,0.015,30.964,-10.222
544,22,6,223.135,54.03,58802.117,20,70.263,65.497,NA,37.065,0.124,59.237,28.274
545,22,7,223.135,71.471,59102.128,36,87.704,78.283,NA,17.441,0.058,90,30.763
546,22,8,229.202,79.813,59402.139,34,98.018,88.59,NA,10.314,0.034,53.973,-36.027
547,22,9,245.126,83.605,59702.15,13,114.388,101.903,NA,16.37,0.055,13.392,-40.58
548,22,11,263.326,100.288,60002.161,26,139.077,126.55,NA,24.689,0.082,42.51,29.118
549,23,1,12.512,71.661,50401.815,20,0,0,NA,NA,NA,NA,NA
550,23,2,30.712,80.761,50701.826,6,20.348,20.348,NA,20.348,0.068,26.565,NA
551,23,3,30.712,72.798,51001.837,11,28.31,18.235,NA,7.962,0.027,-90,-116.565
552,23,4,34.124,67.111,51301.847,16,34.943,22.086,NA,6.633,0.022,-59.036,30.964
553,23,5,43.224,75.073,51601.858,10,47.034,30.901,NA,12.092,0.04,41.186,100.222
554,23,6,55.736,89.861,51901.869,8,66.405,46.899,NA,19.371,0.065,49.764,8.578
555,23,7,87.586,136.497,52201.88,17,122.879,99.196,NA,56.474,0.188,55.67,5.906
556,23,8,128.535,158.109,52501.891,21,169.182,144.688,NA,46.302,0.154,27.824,-27.846
557,23,9,138.772,184.271,52801.901,10,197.275,169.182,NA,28.094,0.094,68.629,40.805
558,23,10,138.772,184.271,53101.912,14,197.275,169.182,NA,0,0,0,-68.629
559,23,11,144.46,184.271,53401.923,17,202.962,173.468,NA,5.687,0.019,0,0
560,23,12,152.422,184.271,53701.934,11,210.925,179.599,NA,7.962,0.027,0,0
561,23,13,152.422,184.271,54001.945,9,210.925,179.599,NA,0,0,0,0
562,23,14,160.384,187.684,54301.955,16,219.588,187.956,NA,8.663,0.029,23.199,23.199
563,23,15,169.484,191.096,54601.966,8,229.306,197.243,NA,9.719,0.032,20.556,-2.643
564,23,16,178.584,194.508,54901.977,9,239.025,206.57,NA,9.719,0.032,20.556,0
565,23,17,227.495,194.508,55201.988,6,287.936,247.607,NA,48.911,0.163,0,-20.556
566,24,1,137.635,235.458,32101.156,5,0,0,NA,NA,NA,NA,NA
567,24,2,158.109,235.458,32401.167,9,20.475,20.475,NA,20.475,0.068,0,NA
568,24,3,171.759,234.32,32701.178,7,34.172,34.143,NA,13.697,0.046,-4.764,-4.764
569,24,4,187.684,234.32,33001.188,14,50.096,50.062,NA,15.925,0.053,0,4.764
570,24,5,197.921,260.482,33301.199,11,78.19,65.274,NA,28.094,0.094,68.629,68.629
571,24,6,197.921,260.482,33601.21,7,78.19,65.274,NA,0,0,0,-68.629
572,24,7,218.395,260.482,33901.221,8,98.664,84.549,NA,20.475,0.068,0,0
573,24,8,245.695,258.207,34201.232,16,126.059,110.429,NA,27.394,0.091,-4.764,-4.764
574,24,9,262.757,259.345,34501.242,8,143.159,127.382,NA,17.1,0.057,3.814,8.578
575,24,10,275.269,290.057,34801.253,5,176.321,148.069,NA,33.163,0.111,67.834,64.02
576,24,11,282.094,294.606,35101.264,6,184.524,156.1,NA,8.202,0.027,33.69,-34.144
577,24,12,287.782,298.019,35401.275,10,191.156,162.659,NA,6.633,0.022,30.964,-2.726
578,25,1,103.51,129.672,34201.232,16,0,0,NA,NA,NA,NA,NA
579,25,2,121.71,129.672,34501.242,8,18.2,18.2,NA,18.2,0.061,0,NA
580,25,3,127.397,129.672,34801.253,20,23.887,23.887,NA,5.687,0.019,0,0
581,25,4,144.46,129.672,35101.264,11,40.949,40.949,NA,17.062,0.057,0,0
582,25,5,177.446,122.847,35401.275,19,74.635,74.25,NA,33.685,0.112,-11.689,-11.689
583,25,6,204.746,116.023,35701.286,11,102.774,102.151,NA,28.14,0.094,-14.036,-2.347
584,25,7,229.77,116.023,36001.296,10,127.799,126.996,NA,25.024,0.083,0,14.036
585,25,8,246.832,87.586,36301.307,11,160.962,149.374,NA,33.163,0.111,-59.036,-59.036
586,25,9,254.795,69.386,36601.318,14,180.827,162.854,NA,19.865,0.066,-66.371,-7.334
587,25,10,255.932,61.424,36901.329,8,188.87,167.004,NA,8.043,0.027,-81.87,-15.499
588,25,11,258.207,58.011,37201.34,16,192.971,170.489,NA,4.101,0.014,-56.31,25.56
589,25,12,282.094,58.011,37501.35,10,216.858,192.425,NA,23.887,0.08,0,56.31
590,25,13,298.019,51.186,37801.361,9,234.184,209.746,NA,17.326,0.058,-23.199,-23.199
591,25,14,308.256,51.186,38101.372,12,244.421,219.274,NA,10.237,0.034,0,23.199
592,25,15,326.456,51.186,38401.383,8,262.621,236.357,NA,18.2,0.061,0,0
593,25,16,369.68,71.661,38701.394,10,310.449,272.418,NA,47.828,0.159,25.346,25.346
594,25,17,379.917,71.661,39001.404,34,320.686,282.429,NA,10.237,0.034,0,-25.346
595,25,18,381.055,77.348,39301.415,12,326.486,282.433,NA,5.8,0.019,78.69,78.69
596,25,19,387.88,80.761,39601.426,7,334.116,288.545,NA,7.63,0.025,26.565,-52.125
597,25,20,414.041,80.761,39901.437,11,360.278,314.36,NA,26.162,0.087,0,-26.565
598,25,21,434.516,80.761,40201.448,9,380.753,334.6,NA,20.475,0.068,0,0
599,25,22,450.441,68.249,40501.458,17,401.005,352.326,NA,20.252,0.068,-38.157,-38.157
600,25,23,468.64,58.011,40801.469,6,421.886,372.096,NA,20.881,0.07,-29.358,8.799
601,25,24,487.977,44.362,41101.48,16,445.556,393.818,NA,23.669,0.079,-35.218,-5.86
602,25,25,500.49,42.087,41401.491,14,458.273,406.527,NA,12.717,0.042,-10.305,24.913
603,25,26,511.864,29.574,41701.502,9,475.183,420.443,NA,16.91,0.056,-47.726,-37.421
604,25,27,520.964,12.512,42001.512,27,494.52,433.583,NA,19.337,0.064,-61.928,-14.201
605,26,1,92.136,45.499,31801.145,16,0,0,NA,NA,NA,NA,NA
606,26,2,108.06,51.186,32101.156,22,16.91,16.91,NA,16.91,0.056,19.654,NA
607,26,3,116.023,61.424,32401.167,12,29.879,28.709,NA,12.969,0.043,52.125,32.471
608,26,4,130.81,64.836,32701.178,13,45.055,43.239,NA,15.176,0.051,12.995,-39.13
609,26,5,163.797,86.448,33001.188,11,84.491,82.536,NA,39.436,0.131,33.232,20.237
610,26,6,175.171,97.823,33301.199,11,100.577,98.146,NA,16.086,0.054,45,11.768
611,26,7,195.646,105.785,33601.21,10,122.546,119.787,NA,21.968,0.073,21.251,-23.749
612,26,8,210.433,105.785,33901.221,13,137.333,132.773,NA,14.787,0.049,0,-21.251
613,26,9,240.008,105.785,34201.232,12,166.907,159.689,NA,29.574,0.099,0,0
614,26,10,240.008,105.785,34501.242,18,166.907,159.689,NA,0,0,0,0
615,26,11,262.757,108.06,34801.253,8,189.77,181.729,NA,22.863,0.076,5.711,5.711
616,26,12,299.156,108.06,35101.264,12,226.17,216.267,NA,36.399,0.121,0,-5.711
617,26,13,299.156,108.06,35401.275,12,226.17,216.267,NA,0,0,0,0
618,26,14,303.706,117.16,35701.286,26,236.343,223.377,NA,10.174,0.034,63.435,63.435
619,26,15,310.531,117.16,36001.296,12,243.168,229.852,NA,6.825,0.023,0,-63.435
620,26,16,341.243,121.71,36301.307,13,274.215,260.504,NA,31.047,0.103,8.427,8.427
621,26,17,354.893,119.435,36601.318,10,288.053,272.961,NA,13.838,0.046,-9.462,-17.889
622,26,18,354.893,119.435,36901.329,16,288.053,272.961,NA,0,0,0,9.462
623,26,19,376.505,110.335,37201.34,8,311.503,291.667,NA,23.45,0.078,-22.834,-22.834
624,26,20,376.505,110.335,37501.35,5,311.503,291.667,NA,0,0,0,22.834
625,26,21,383.33,110.335,37801.361,9,318.328,298.325,NA,6.825,0.023,0,0
626,26,22,412.904,109.198,38101.372,17,347.924,327.032,NA,29.596,0.099,-2.203,-2.203
627,26,23,415.179,105.785,38401.383,11,352.025,328.621,NA,4.101,0.014,-56.31,-54.107
628,26,24,500.49,83.036,38701.394,14,440.317,410.076,NA,88.292,0.294,-14.931,41.379
629,26,25,522.102,81.898,39001.404,20,461.959,431.504,NA,21.642,0.072,-3.013,11.919
630,26,26,547.126,68.249,39301.415,15,490.464,455.559,NA,28.505,0.095,-28.61,-25.598
631,26,27,564.188,46.637,39601.426,12,518,472.054,NA,27.535,0.092,-51.71,-23.099
632,26,28,575.563,34.124,39901.437,44,534.91,483.561,NA,16.91,0.056,-47.726,3.984
633,27,1,162.659,220.67,30001.08,10,0,0,NA,NA,NA,NA,NA
634,27,2,184.271,220.67,30301.091,20,21.612,21.612,NA,21.612,0.072,0,NA
635,27,3,184.271,220.67,30601.102,17,21.612,21.612,NA,0,0,0,0
636,27,4,191.096,220.67,30901.113,11,28.437,28.437,NA,6.825,0.023,0,0
637,27,5,203.608,227.495,31201.124,19,42.689,41.514,NA,14.253,0.048,28.61,28.61
638,27,6,208.158,240.008,31501.134,7,56.003,49.438,NA,13.314,0.044,70.017,41.406
639,27,7,208.158,240.008,31801.145,10,56.003,49.438,NA,0,0,0,-70.017
640,27,8,233.183,244.557,32101.156,4,81.438,74.459,NA,25.435,0.085,10.305,10.305
641,27,9,266.17,244.557,32401.167,15,114.425,106.231,NA,32.987,0.11,0,-10.305
642,27,10,286.644,262.757,32701.178,31,141.819,130.933,NA,27.394,0.091,41.634,41.634
643,27,11,298.019,270.719,33001.188,26,155.704,144.316,NA,13.885,0.046,34.992,-6.642
644,27,12,310.531,284.369,33301.199,16,174.22,161.008,NA,18.517,0.062,47.49,12.498
645,27,13,317.356,299.156,33601.21,9,190.507,173.468,NA,16.286,0.054,65.225,17.735
646,27,14,320.768,324.181,33901.221,12,215.763,188.979,NA,25.256,0.084,82.235,17.01
647,27,15,329.868,335.556,34201.232,12,230.329,202.873,NA,14.567,0.049,51.34,-30.895
648,27,16,336.693,350.343,34501.242,8,246.616,217.032,NA,16.286,0.054,65.225,13.885
649,27,17,338.968,354.893,34801.253,19,251.703,221.586,NA,5.087,0.017,63.435,-1.79
650,27,18,338.968,370.817,35101.264,7,267.627,231.579,NA,15.925,0.053,90,26.565
651,27,19,353.755,383.33,35401.275,15,286.998,250.95,NA,19.371,0.065,40.236,-49.764
652,27,20,358.305,385.605,35701.286,7,292.085,255.892,NA,5.087,0.017,26.565,-13.671
653,27,21,368.542,403.804,36001.296,12,312.966,275.547,NA,20.881,0.07,60.642,34.077
654,27,22,373.092,410.629,36301.307,9,321.168,283.49,NA,8.202,0.027,56.31,-4.332
655,27,23,373.092,410.629,36601.318,10,321.168,283.49,NA,0,0,0,-56.31
656,27,24,381.055,423.141,36901.329,6,335.999,297.81,NA,14.831,0.049,57.529,57.529
657,27,25,383.33,431.104,37201.34,8,344.28,304.922,NA,8.281,0.028,74.055,16.526
658,27,26,383.33,431.104,37501.35,15,344.28,304.922,NA,0,0,0,-74.055
659,27,27,399.254,432.241,37801.361,8,360.246,317.395,NA,15.965,0.053,4.086,4.086
660,28,1,63.699,191.096,26400.951,12,0,0,NA,NA,NA,NA,NA
661,28,2,75.073,180.859,26700.961,11,15.303,15.303,NA,15.303,0.051,-41.987,NA
662,28,3,87.586,180.859,27000.972,16,27.815,25.988,NA,12.512,0.042,0,41.987
663,28,4,92.136,171.759,27300.983,7,37.989,34.389,NA,10.174,0.034,-63.435,-63.435
664,28,5,92.136,171.759,27600.994,20,37.989,34.389,NA,0,0,0,63.435
665,28,6,117.16,161.522,27901.005,7,65.027,61.096,NA,27.038,0.09,-22.249,-22.249
666,28,7,158.109,136.497,28201.016,28,113.017,109.061,NA,47.99,0.16,-31.43,-9.181
667,28,8,158.109,121.71,28501.026,18,127.804,117.166,NA,14.787,0.049,-90,-58.57
668,28,9,158.109,121.71,28801.037,9,127.804,117.166,NA,0,0,0,90
669,28,10,169.484,121.71,29101.048,7,139.179,126.511,NA,11.375,0.038,0,0
670,28,11,177.446,120.573,29401.059,13,147.222,133.836,NA,8.043,0.027,-8.13,-8.13
671,28,12,201.333,120.573,29701.07,10,171.109,154.651,NA,23.887,0.08,0,8.13
672,28,13,224.083,120.573,30001.08,11,193.859,175.205,NA,22.75,0.076,0,0
673,28,14,224.083,120.573,30301.091,25,193.859,175.205,NA,0,0,0,0
674,28,15,224.083,120.573,30601.102,12,193.859,175.205,NA,0,0,0,0
675,28,16,228.633,117.16,30901.113,7,199.546,180.748,NA,5.687,0.019,-36.87,-36.87
676,28,17,228.633,117.16,31201.124,11,199.546,180.748,NA,0,0,0,36.87
677,28,18,226.358,130.81,31501.134,10,213.384,173.472,NA,13.838,0.046,99.462,99.462
678,28,19,222.945,131.947,31801.145,10,216.981,169.877,NA,3.597,0.012,161.565,62.103
679,28,20,214.983,142.185,32101.156,10,229.95,158.995,NA,12.969,0.043,127.875,-33.69
680,28,21,222.945,142.185,32401.167,9,237.913,166.589,NA,7.962,0.027,0,-127.875
681,28,22,222.945,152.422,32701.178,8,248.15,163.876,NA,10.237,0.034,90,90
682,28,23,237.733,152.422,33001.188,12,262.937,178.279,NA,14.787,0.049,0,-90
683,28,24,251.382,152.422,33301.199,11,276.587,191.627,NA,13.65,0.045,0,0
684,28,25,276.407,137.635,33601.21,10,305.654,219.324,NA,29.067,0.097,-30.579,-30.579
685,28,26,286.644,144.46,33901.221,6,317.957,227.771,NA,12.304,0.041,33.69,64.269
686,28,27,304.844,144.46,34201.232,32,336.157,245.613,NA,18.2,0.061,0,-33.69
687,28,28,304.844,144.46,34501.242,16,336.157,245.613,NA,0,0,0,0
688,28,29,324.181,144.46,34801.253,7,355.494,264.624,NA,19.337,0.064,0,0
689,28,30,352.618,144.46,35101.264,16,383.931,292.659,NA,28.437,0.095,0,0
690,28,31,371.955,144.46,35401.275,12,403.268,311.764,NA,19.337,0.064,0,0
691,28,32,394.704,141.047,35701.286,17,426.272,334.768,NA,23.004,0.077,-8.531,-8.531
692,28,33,402.667,131.947,36001.296,9,438.364,344.09,NA,12.092,0.04,-48.814,-40.283
693,28,34,415.179,131.947,36301.307,10,450.876,356.422,NA,12.512,0.042,0,48.814
694,29,1,209.296,293.469,21900.789,7,0,0,NA,NA,NA,NA,NA
695,29,2,220.67,293.469,22200.799,22,11.375,11.375,NA,11.375,0.038,0,NA
696,29,3,235.458,293.469,22500.81,4,26.162,26.162,NA,14.787,0.049,0,0
697,29,4,265.032,293.469,22800.821,10,55.736,55.736,NA,29.574,0.099,0,0
698,29,5,265.032,293.469,23100.832,15,55.736,55.736,NA,0,0,0,0
699,29,6,265.032,285.507,23400.843,5,63.699,56.302,NA,7.962,0.027,-90,-90
700,29,7,263.895,293.469,23700.853,14,71.742,54.599,NA,8.043,0.027,98.13,-171.87
701,29,8,266.17,293.469,24000.864,11,74.017,56.874,NA,2.275,0.008,0,-98.13
702,29,9,286.644,293.469,24300.875,17,94.491,77.348,NA,20.475,0.068,0,0
703,29,10,301.431,293.469,24600.886,9,109.279,92.136,NA,14.787,0.049,0,0
704,29,11,301.431,293.469,24900.897,10,109.279,92.136,NA,0,0,0,0
705,29,12,304.844,304.844,25200.907,14,121.154,96.223,NA,11.876,0.04,73.301,73.301
706,29,13,321.906,304.844,25500.918,18,138.216,113.183,NA,17.062,0.057,0,-73.301
707,29,14,343.518,298.019,25800.929,19,160.88,134.299,NA,22.664,0.076,-17.526,-17.526
708,29,15,343.518,298.019,26100.94,12,160.88,134.299,NA,0,0,0,17.526
709,29,16,359.443,298.019,26400.951,21,176.805,150.216,NA,15.925,0.053,0,0
710,29,17,367.405,309.394,26700.961,20,190.69,158.909,NA,13.885,0.046,55.008,55.008
711,29,18,367.405,309.394,27000.972,12,190.69,158.909,NA,0,0,0,-55.008
712,29,19,374.23,309.394,27300.983,17,197.515,165.701,NA,6.825,0.023,0,0
713,29,20,378.78,309.394,27600.994,7,202.065,170.231,NA,4.55,0.015,0,0
714,29,21,389.017,309.394,27901.005,16,212.302,180.425,NA,10.237,0.034,0,0
715,30,1,361.718,241.145,25800.929,11,0,0,NA,NA,NA,NA,NA
716,30,2,367.405,249.107,26100.94,9,9.785,9.785,NA,9.785,0.033,54.462,NA
717,30,3,374.23,250.245,26400.951,6,16.704,15.471,NA,6.919,0.023,9.462,-45
718,30,4,374.23,250.245,26700.961,8,16.704,15.471,NA,0,0,0,-9.462
719,30,5,374.23,254.795,27000.972,13,21.254,18.517,NA,4.55,0.015,90,90
720,30,6,374.23,254.795,27300.983,10,21.254,18.517,NA,0,0,0,-90
721,30,7,375.367,260.482,27600.994,4,27.054,23.669,NA,5.8,0.019,78.69,78.69
722,30,8,412.904,270.719,27901.005,19,65.962,59.116,NA,38.908,0.13,15.255,-63.435
723,30,9,420.866,270.719,28201.016,12,73.924,66.13,NA,7.962,0.027,0,-15.255
724,30,10,422.004,290.057,28501.026,11,93.294,77.632,NA,19.371,0.065,86.634,86.634
725,30,11,440.203,300.294,28801.037,16,114.176,98.278,NA,20.881,0.07,29.358,-57.276
726,30,12,443.616,301.431,29101.048,21,117.773,101.694,NA,3.597,0.012,18.435,-10.923
727,30,13,445.891,301.431,29401.059,9,120.048,103.535,NA,2.275,0.008,0,-18.435
728,30,14,445.891,301.431,29701.07,11,120.048,103.535,NA,0,0,0,0
729,30,15,457.266,310.531,30001.08,10,134.614,118.084,NA,14.567,0.049,38.66,38.66
730,31,1,363.992,13.65,24900.897,6,0,0,NA,NA,NA,NA,NA
731,31,2,363.992,23.887,25200.907,22,10.237,10.237,NA,10.237,0.034,90,NA
732,31,3,375.367,23.887,25500.918,10,21.612,15.303,NA,11.375,0.038,0,-90
733,31,4,393.567,39.812,25800.929,5,45.795,39.485,NA,24.183,0.081,41.186,41.186
734,31,5,423.141,62.561,26100.94,12,83.107,76.752,NA,37.312,0.124,37.569,-3.617
735,31,6,442.478,73.936,26400.951,8,105.542,98.967,NA,22.435,0.075,30.466,-7.103
736,31,7,483.428,106.923,26700.961,8,158.125,151.541,NA,52.583,0.175,38.853,8.388
737,31,8,487.977,121.71,27000.972,19,173.596,164.467,NA,15.471,0.052,72.897,34.044
738,31,9,503.902,111.473,27300.983,13,192.527,170.716,NA,18.931,0.063,-32.735,-105.632
739,31,10,526.652,111.473,27600.994,7,215.277,189.809,NA,22.75,0.076,0,32.735
740,31,11,558.501,113.748,27901.005,28,247.207,218.754,NA,31.93,0.106,4.086,4.086
741,31,12,569.876,121.71,28201.016,7,261.092,232.519,NA,13.885,0.046,34.992,30.906
742,31,13,571.013,144.46,28501.026,8,283.87,244.885,NA,22.778,0.076,87.138,52.146
743,31,14,580.113,169.484,28801.037,13,310.498,266.444,NA,26.628,0.089,70.017,-17.121
744,32,1,249.107,14.787,23100.832,11,0,0,NA,NA,NA,NA,NA
745,32,2,257.07,21.612,23400.843,11,10.487,10.487,NA,10.487,0.035,40.601,NA
746,32,3,260.482,21.612,23700.853,6,13.899,13.265,NA,3.412,0.011,0,-40.601
747,32,4,280.957,35.262,24000.864,15,38.507,37.863,NA,24.607,0.082,33.69,33.69
748,32,5,284.369,47.774,24300.875,12,51.476,48.286,NA,12.969,0.043,74.745,41.055
749,32,6,290.057,47.774,24600.886,8,57.163,52.583,NA,5.687,0.019,0,-74.745
750,32,7,290.057,39.812,24900.897,11,65.126,47.99,NA,7.962,0.027,-90,-90
751,32,8,283.232,39.812,25200.907,18,71.951,42.317,NA,6.825,0.023,180,-90
752,32,9,283.232,39.812,25500.918,8,71.951,42.317,NA,0,0,0,-180
753,32,10,303.706,39.812,25800.929,6,92.425,60.06,NA,20.475,0.068,0,0
754,32,11,316.218,46.637,26100.94,12,106.678,74.285,NA,14.253,0.048,28.61,28.61
755,32,12,345.793,46.637,26400.951,10,136.252,101.796,NA,29.574,0.099,0,-28.61
756,32,13,377.642,47.774,26700.961,15,168.122,132.7,NA,31.87,0.106,2.045,2.045
757,32,14,406.079,65.974,27000.972,20,201.884,165.107,NA,33.762,0.113,32.619,30.574
758,32,15,420.866,80.761,27300.983,12,222.796,183.994,NA,20.912,0.07,45,12.381
759,32,16,440.203,84.173,27600.994,2,242.432,203.303,NA,19.636,0.065,10.008,-34.992
760,32,17,508.452,103.51,27901.005,18,313.367,274.101,NA,70.935,0.236,15.819,5.811
761,32,18,526.652,103.51,28201.016,18,331.567,291.381,NA,18.2,0.061,0,-15.819
762,32,19,543.714,103.51,28501.026,17,348.629,307.676,NA,17.062,0.057,0,0
763,32,20,560.776,105.785,28801.037,7,365.842,324.681,NA,17.213,0.057,7.595,7.595
764,33,1,89.861,34.124,32701.178,18,0,0,NA,NA,NA,NA,NA
765,33,2,92.136,37.537,33001.188,12,4.101,4.101,NA,4.101,0.014,56.31,NA
766,33,3,92.136,43.224,33301.199,8,9.789,9.38,NA,5.687,0.019,90,33.69
767,33,4,92.136,43.224,33601.21,13,9.789,9.38,NA,0,0,0,-90
768,33,5,92.136,43.224,33901.221,39,9.789,9.38,NA,0,0,0,0
769,33,6,97.823,53.461,34201.232,26,21.5,20.912,NA,11.711,0.039,60.945,60.945
770,33,7,97.823,53.461,34501.242,27,21.5,20.912,NA,0,0,0,-60.945
771,33,8,97.823,65.974,34801.253,21,34.012,32.83,NA,12.512,0.042,90,90
772,33,9,97.823,72.798,35101.264,10,40.837,39.485,NA,6.825,0.023,90,0
773,33,10,97.823,72.798,35401.275,13,40.837,39.485,NA,0,0,0,-90
774,33,11,104.648,80.761,35701.286,15,51.324,48.925,NA,10.487,0.035,49.399,49.399
775,33,12,104.648,89.861,36001.296,27,60.424,57.665,NA,9.1,0.03,90,40.601
776,33,13,104.648,89.861,36301.307,12,60.424,57.665,NA,0,0,0,-90
777,33,14,105.785,104.648,36601.318,11,75.254,72.299,NA,14.831,0.049,85.601,85.601
778,33,15,105.785,118.298,36901.329,10,88.904,85.666,NA,13.65,0.045,90,4.399
779,33,16,105.785,118.298,37201.34,11,88.904,85.666,NA,0,0,0,-90
780,33,17,113.748,128.535,37501.35,13,101.873,97.386,NA,12.969,0.043,52.125,52.125
781,33,18,113.748,128.535,37801.361,11,101.873,97.386,NA,0,0,0,-52.125
782,33,19,113.748,141.047,38101.372,12,114.386,109.559,NA,12.512,0.042,90,90
783,33,20,126.26,142.185,38401.383,12,126.949,114.026,NA,12.564,0.042,5.194,-84.806
784,33,21,126.26,151.284,38701.394,12,136.049,122.684,NA,9.1,0.03,90,84.806
785,33,22,126.26,153.559,39001.404,8,138.324,124.858,NA,2.275,0.008,90,0
786,33,23,121.71,153.559,39301.415,11,142.874,123.609,NA,4.55,0.015,180,90
787,33,24,121.71,153.559,39601.426,12,142.874,123.609,NA,0,0,0,-180
788,33,25,121.71,154.697,39901.437,8,144.012,124.708,NA,1.137,0.004,90,90
789,33,26,113.748,153.559,40201.448,4,152.055,121.8,NA,8.043,0.027,-171.87,98.13
790,33,27,113.748,153.559,40501.458,9,152.055,121.8,NA,0,0,0,171.87
